{
  "IcoMoonType": "selection",
  "icons": [
    {
      "icon": {
        "paths": [
          "M818.637 979.405c0-114.995-111.974-173.517-221.030-220.518-108.698-46.797-143.411-86.221-143.411-170.701 0-50.637 33.178-34.15 47.718-127.027 6.144-38.502 35.43-0.614 41.062-88.525 0-35.021-16.026-43.725-16.026-43.725s8.141-51.866 11.315-91.802c3.277-41.83-20.378-131.072-117.811-158.464-16.998-17.459-28.518-45.158 23.91-72.909-114.688-5.325-141.363 54.682-202.445 98.816-51.968 38.707-65.997 99.994-63.488 132.608 3.328 39.936 11.418 91.802 11.418 91.802s-16.077 8.704-16.077 43.725c5.632 87.962 35.021 50.022 41.114 88.525 14.541 92.877 47.77 76.39 47.77 127.027 0 84.48-10.854 113.152-119.603 159.949-109.107 46.95-143.053 122.214-142.49 231.219 0.154 32.614-0.563 44.595-0.563 44.595h819.2c0 0-0.563-11.981-0.563-44.595zM819.2 513.997l-117.709-122.778-54.323 54.323 122.829 117.658-122.778 117.658 54.323 54.323 117.658-122.778 117.658 122.778 54.323-54.323-122.778-117.658 122.726-117.658-54.323-54.323-117.606 122.778z"
        ],
        "attrs": [],
        "isMulticolor": false,
        "isMulticolor2": false,
        "tags": [
          "remove-user"
        ],
        "grid": 20
      },
      "attrs": [],
      "properties": {
        "id": 14,
        "order": 85,
        "prevSize": 20,
        "code": 59648,
        "name": "remove-user"
      },
      "setIdx": 1,
      "setId": 2,
      "iconIdx": 13
    },
    {
      "icon": {
        "paths": [
          "M998.963 920.576l-456.038-851.558c-6.349-11.008-18.125-17.818-30.925-17.818-12.851 0-24.627 6.81-30.925 17.818l-455.987 851.558c-6.195 10.803-6.093 24.115 0.256 34.816 6.4 10.803 18.022 17.408 30.618 17.408h912.077c12.544 0 24.269-6.605 30.618-17.408 6.349-10.701 6.451-24.013 0.307-34.816zM563.2 870.4h-102.4v-102.4h102.4v102.4zM563.2 691.2h-102.4v-332.8h102.4v332.8z"
        ],
        "attrs": [],
        "isMulticolor": false,
        "isMulticolor2": false,
        "tags": [
          "warning"
        ],
        "grid": 20
      },
      "attrs": [],
      "properties": {
        "id": 15,
        "order": 2,
        "prevSize": 20,
        "code": 59136,
        "name": "warning"
      },
      "setIdx": 1,
      "setId": 2,
      "iconIdx": 14
    },
    {
      "icon": {
        "paths": [
          "M716.8 102.4v870.4l-204.8-204.8-204.8 204.8v-870.4c0-28.314 29.952-52.224 51.2-51.2h307.2c35.277-1.024 51.2 22.886 51.2 51.2z"
        ],
        "attrs": [],
        "isMulticolor": false,
        "isMulticolor2": false,
        "tags": [
          "bookmark"
        ],
        "grid": 20
      },
      "attrs": [],
      "properties": {
        "id": 32,
        "order": 87,
        "prevSize": 20,
        "code": 59649,
        "name": "bookmark"
      },
      "setIdx": 1,
      "setId": 2,
      "iconIdx": 31
    },
    {
      "icon": {
        "paths": [
          "M231.219 386.458c22.323-22.835 53.402-24.627 80.691 0l200.090 191.846 200.090-191.846c27.29-24.627 58.419-22.835 80.589 0 22.323 22.784 20.89 61.286 0 82.688-20.787 21.402-240.384 230.502-240.384 230.502-11.11 11.418-25.702 17.152-40.294 17.152s-29.184-5.734-40.397-17.152c0 0-219.494-209.101-240.384-230.502-20.941-21.402-22.323-59.904 0-82.688z"
        ],
        "attrs": [],
        "isMulticolor": false,
        "isMulticolor2": false,
        "tags": [
          "chevron-down"
        ],
        "grid": 20
      },
      "attrs": [],
      "properties": {
        "id": 34,
        "order": 93,
        "prevSize": 20,
        "code": 59650,
        "name": "chevron-down"
      },
      "setIdx": 1,
      "setId": 2,
      "iconIdx": 33
    },
    {
      "icon": {
        "paths": [
          "M637.542 231.219c22.835 22.323 24.627 53.402 0 80.691l-191.846 200.090 191.846 200.090c24.627 27.29 22.835 58.419 0 80.589-22.784 22.323-61.286 20.89-82.688 0-21.402-20.787-230.502-240.384-230.502-240.384-11.418-11.11-17.152-25.702-17.152-40.294s5.734-29.184 17.152-40.397c0 0 209.101-219.494 230.502-240.384 21.402-20.941 59.904-22.323 82.688 0z"
        ],
        "attrs": [],
        "isMulticolor": false,
        "isMulticolor2": false,
        "tags": [
          "chevron-left"
        ],
        "grid": 20
      },
      "attrs": [],
      "properties": {
        "id": 35,
        "order": 91,
        "prevSize": 20,
        "code": 59651,
        "name": "chevron-left"
      },
      "setIdx": 1,
      "setId": 2,
      "iconIdx": 34
    },
    {
      "icon": {
        "paths": [
          "M469.146 231.219c21.402 20.89 230.502 240.384 230.502 240.384 11.418 11.213 17.152 25.805 17.152 40.397s-5.734 29.184-17.152 40.294c0 0-209.101 219.597-230.502 240.384-21.402 20.89-59.904 22.323-82.688 0-22.835-22.221-24.627-53.299 0-80.589l191.846-200.090-191.846-200.090c-24.627-27.29-22.835-58.419 0-80.691 22.784-22.323 61.286-20.941 82.688 0z"
        ],
        "attrs": [],
        "isMulticolor": false,
        "isMulticolor2": false,
        "tags": [
          "chevron-right"
        ],
        "grid": 20
      },
      "attrs": [],
      "properties": {
        "id": 36,
        "order": 90,
        "prevSize": 20,
        "code": 59652,
        "name": "chevron-right"
      },
      "setIdx": 1,
      "setId": 2,
      "iconIdx": 35
    },
    {
      "icon": {
        "paths": [
          "M891.802 312.781c13.926-13.722 36.301-13.722 50.125 0s13.875 35.891 0 49.613l-404.89 400.896c-13.824 13.722-36.198 13.722-50.125 0l-404.89-400.896c-13.824-13.722-13.824-35.891 0-49.613 13.875-13.722 36.301-13.722 50.125 0l379.853 365.619 379.802-365.619z"
        ],
        "attrs": [],
        "isMulticolor": false,
        "isMulticolor2": false,
        "tags": [
          "chevron-thin-down"
        ],
        "grid": 20
      },
      "attrs": [],
      "properties": {
        "id": 41,
        "order": 94,
        "prevSize": 20,
        "code": 59653,
        "name": "chevron-thin-down"
      },
      "setIdx": 1,
      "setId": 2,
      "iconIdx": 40
    },
    {
      "icon": {
        "paths": [
          "M711.219 891.802c13.722 13.926 13.722 36.301 0 50.125s-35.891 13.875-49.613 0l-400.896-404.89c-13.722-13.824-13.722-36.198 0-50.125l400.896-404.89c13.722-13.824 35.891-13.824 49.613 0 13.722 13.875 13.722 36.301 0 50.125l-365.619 379.853 365.619 379.802z"
        ],
        "attrs": [],
        "isMulticolor": false,
        "isMulticolor2": false,
        "tags": [
          "chevron-thin-left"
        ],
        "grid": 20
      },
      "attrs": [],
      "properties": {
        "id": 42,
        "order": 89,
        "prevSize": 20,
        "code": 59137,
        "name": "chevron-thin-left"
      },
      "setIdx": 1,
      "setId": 2,
      "iconIdx": 41
    },
    {
      "icon": {
        "paths": [
          "M678.4 512l-365.619-379.904c-13.722-13.824-13.722-36.198 0-50.125 13.722-13.824 35.891-13.824 49.613 0l400.896 404.89c13.722 13.875 13.722 36.301 0 50.125l-400.896 404.89c-13.722 13.875-35.891 13.824-49.613 0-13.722-13.773-13.722-36.198 0-50.125l365.619-379.75z"
        ],
        "attrs": [],
        "isMulticolor": false,
        "isMulticolor2": false,
        "tags": [
          "chevron-thin-right"
        ],
        "grid": 20
      },
      "attrs": [],
      "properties": {
        "id": 43,
        "order": 88,
        "prevSize": 20,
        "code": 59138,
        "name": "chevron-thin-right"
      },
      "setIdx": 1,
      "setId": 2,
      "iconIdx": 42
    },
    {
      "icon": {
        "paths": [
          "M132.198 711.219c-13.926 13.722-36.301 13.722-50.125 0s-13.875-35.891 0-49.613l404.89-400.896c13.824-13.722 36.198-13.722 50.125 0l404.89 400.896c13.824 13.722 13.824 35.891 0 49.613-13.875 13.722-36.301 13.722-50.074 0l-379.904-365.619-379.802 365.619z"
        ],
        "attrs": [],
        "isMulticolor": false,
        "isMulticolor2": false,
        "tags": [
          "chevron-thin-up"
        ],
        "grid": 20
      },
      "attrs": [],
      "properties": {
        "id": 44,
        "order": 95,
        "prevSize": 20,
        "code": 59654,
        "name": "chevron-thin-up"
      },
      "setIdx": 1,
      "setId": 2,
      "iconIdx": 43
    },
    {
      "icon": {
        "paths": [
          "M792.781 637.542c-22.323 22.835-53.402 24.627-80.691 0l-200.090-191.846-200.090 191.846c-27.29 24.627-58.419 22.835-80.589 0-22.323-22.784-20.89-61.286 0-82.688 20.787-21.402 240.384-230.502 240.384-230.502 11.11-11.418 25.702-17.152 40.294-17.152s29.184 5.734 40.397 17.152c0 0 219.494 209.101 240.384 230.502 20.941 21.402 22.323 59.904 0 82.688z"
        ],
        "attrs": [],
        "isMulticolor": false,
        "isMulticolor2": false,
        "tags": [
          "chevron-up"
        ],
        "grid": 20
      },
      "attrs": [],
      "properties": {
        "id": 45,
        "order": 96,
        "prevSize": 20,
        "code": 59655,
        "name": "chevron-up"
      },
      "setIdx": 1,
      "setId": 2,
      "iconIdx": 44
    },
    {
      "icon": {
        "paths": [
          "M512.051 399.36c-62.208 0-112.691 50.432-112.691 112.64s50.483 112.64 112.691 112.64c62.208 0 112.589-50.432 112.589-112.64s-50.381-112.64-112.589-112.64zM153.651 399.36c-62.208 0-112.691 50.432-112.691 112.64s50.483 112.64 112.691 112.64c62.208 0 112.589-50.483 112.589-112.64s-50.381-112.64-112.589-112.64zM870.451 399.36c-62.208 0-112.691 50.432-112.691 112.64s50.483 112.64 112.691 112.64c62.208 0 112.589-50.432 112.589-112.64s-50.381-112.64-112.589-112.64z"
        ],
        "attrs": [],
        "isMulticolor": false,
        "isMulticolor2": false,
        "tags": [
          "dots-three-horizontal"
        ],
        "grid": 20
      },
      "attrs": [],
      "properties": {
        "id": 60,
        "order": 97,
        "prevSize": 20,
        "code": 59656,
        "name": "dots-three-horizontal"
      },
      "setIdx": 1,
      "setId": 2,
      "iconIdx": 59
    },
    {
      "icon": {
        "paths": [
          "M768 358.4h-153.6v-307.2h-204.8v307.2h-153.6l256 256 256-256zM990.106 692.838c-10.752-11.469-82.483-88.218-102.963-108.237-13.568-13.261-32.973-21.402-53.35-21.402h-89.958l156.877 153.293h-181.453c-5.222 0-9.933 2.662-12.288 6.81l-41.779 95.898h-306.381l-41.779-95.898c-2.355-4.147-7.117-6.81-12.288-6.81h-181.453l156.826-153.293h-89.907c-20.326 0-39.731 8.141-53.35 21.402-20.48 20.070-92.211 96.819-102.963 108.237-25.037 26.675-38.81 47.923-32.256 74.189l28.723 157.389c6.554 26.317 35.379 47.923 64.102 47.923h835.174c28.723 0 57.549-21.606 64.102-47.923l28.723-157.389c6.451-26.266-7.27-47.514-32.358-74.189z"
        ],
        "attrs": [],
        "isMulticolor": false,
        "isMulticolor2": false,
        "tags": [
          "download"
        ],
        "grid": 20
      },
      "attrs": [],
      "properties": {
        "id": 64,
        "order": 98,
        "prevSize": 20,
        "code": 59657,
        "name": "download"
      },
      "setIdx": 1,
      "setId": 2,
      "iconIdx": 63
    },
    {
      "icon": {
        "paths": [
          "M776.858 102.4h-572.058c-56.371 0-102.4 46.080-102.4 102.4v614.4c0 56.32 46.029 102.4 102.4 102.4h614.4c56.371 0 102.4-46.080 102.4-102.4v-556.698l-144.742-160.102zM716.8 409.6c0 28.109-23.040 51.2-51.2 51.2h-307.2c-28.16 0-51.2-23.091-51.2-51.2v-256h409.6v256zM665.6 204.8h-102.4v204.8h102.4v-204.8z"
        ],
        "attrs": [],
        "isMulticolor": false,
        "isMulticolor2": false,
        "tags": [
          "save"
        ],
        "grid": 20
      },
      "attrs": [],
      "properties": {
        "id": 76,
        "order": 100,
        "prevSize": 20,
        "code": 59140,
        "name": "save"
      },
      "setIdx": 1,
      "setId": 2,
      "iconIdx": 75
    },
    {
      "icon": {
        "paths": [
          "M173.517 364.186l56.371 558.49c3.123 23.603 117.094 101.222 282.112 101.325 165.12-0.102 279.091-77.722 282.163-101.325l56.422-558.49c-86.221 48.23-215.091 71.014-338.586 71.014-123.392 0-252.314-22.784-338.483-71.014zM674.202 77.312l-43.981-48.691c-16.998-24.218-35.43-28.621-71.322-28.621h-93.747c-35.84 0-54.323 4.403-71.27 28.621l-43.981 48.691c-131.584 22.989-227.021 83.968-227.021 128.973v8.704c0 79.206 174.234 143.411 389.12 143.411 214.938 0 389.171-64.205 389.171-143.411v-8.704c0-45.005-95.386-105.984-226.97-128.973zM617.984 222.208l-54.784-68.608h-102.4l-54.682 68.608h-87.040c0 0 95.334-113.715 108.083-129.126 9.728-11.776 19.661-16.282 32.563-16.282h104.602c12.954 0 22.886 4.506 32.614 16.282 12.698 15.411 108.083 129.126 108.083 129.126h-87.040z"
        ],
        "attrs": [],
        "isMulticolor": false,
        "isMulticolor2": false,
        "tags": [
          "trash"
        ],
        "grid": 20
      },
      "attrs": [],
      "properties": {
        "id": 80,
        "order": 99,
        "prevSize": 20,
        "code": 59141,
        "name": "trash"
      },
      "setIdx": 1,
      "setId": 2,
      "iconIdx": 79
    },
    {
      "icon": {
        "paths": [
          "M778.906 339.917c-14.131 0-27.955 1.28-41.421 3.482-33.587-109.824-137.626-189.798-260.864-189.798-150.477 0-272.384 119.194-272.384 266.189 0 13.107 1.024 26.010 2.918 38.707-7.219-0.87-14.49-1.382-21.965-1.382-102.298 0-185.19 80.998-185.19 180.992s82.893 181.094 185.19 181.094h224.41v-204.8h-128l230.4-256 230.4 256h-128v204.8h164.506c135.322 0 245.094-107.315 245.094-239.616 0-132.403-109.773-239.667-245.094-239.667z"
        ],
        "attrs": [],
        "isMulticolor": false,
        "isMulticolor2": false,
        "tags": [
          "upload-to-cloud"
        ],
        "grid": 20
      },
      "attrs": [],
      "properties": {
        "id": 86,
        "order": 101,
        "prevSize": 20,
        "code": 59142,
        "name": "upload-to-cloud"
      },
      "setIdx": 1,
      "setId": 2,
      "iconIdx": 85
    },
    {
      "icon": {
        "paths": [
          "M409.6 614.4h204.8v-307.2h153.6l-256-256-256 256h153.6v307.2zM990.106 692.838c-10.752-11.469-82.483-88.218-102.963-108.237-13.568-13.261-32.973-21.402-53.35-21.402h-89.958l156.877 153.293h-181.453c-5.222 0-9.933 2.662-12.288 6.81l-41.779 95.898h-306.381l-41.779-95.898c-2.355-4.147-7.117-6.81-12.288-6.81h-181.453l156.826-153.293h-89.907c-20.326 0-39.731 8.141-53.35 21.402-20.48 20.070-92.211 96.819-102.963 108.237-25.037 26.675-38.81 47.923-32.256 74.189l28.723 157.389c6.554 26.317 35.379 47.923 64.102 47.923h835.174c28.723 0 57.549-21.606 64.102-47.923l28.723-157.389c6.451-26.266-7.27-47.514-32.358-74.189z"
        ],
        "attrs": [],
        "isMulticolor": false,
        "isMulticolor2": false,
        "tags": [
          "upload"
        ],
        "grid": 20
      },
      "attrs": [],
      "properties": {
        "id": 87,
        "order": 102,
        "prevSize": 20,
        "code": 59658,
        "name": "upload"
      },
      "setIdx": 1,
      "setId": 2,
      "iconIdx": 86
    },
    {
      "icon": {
        "paths": [
          "M818.637 979.405c0.563-109.005-111.923-173.517-221.030-220.518-108.698-46.797-143.411-86.221-143.411-170.701 0-50.637 33.178-34.15 47.718-127.027 6.144-38.502 35.43-0.614 41.062-88.525 0-35.021-16.026-43.725-16.026-43.725s8.141-51.866 11.315-91.802c3.277-41.83-20.378-131.072-117.811-158.464-16.998-17.459-28.518-45.158 23.91-72.909-114.688-5.325-141.363 54.682-202.445 98.816-51.968 38.707-65.997 99.994-63.488 132.608 3.328 39.936 11.418 91.802 11.418 91.802s-16.077 8.704-16.077 43.725c5.632 87.962 35.021 50.022 41.114 88.525 14.541 92.877 47.77 76.39 47.77 127.027 0 84.48-10.854 113.152-119.603 159.949-109.107 46.95-143.053 122.214-142.49 231.219 0.154 32.614-0.563 44.595-0.563 44.595h819.2c0 0-0.717-11.981-0.563-44.595zM870.4 512v-153.6h-102.4v153.6h-153.6v102.4h153.6v153.6h102.4v-153.6h153.6v-102.4h-153.6z"
        ],
        "attrs": [],
        "isMulticolor": false,
        "isMulticolor2": false,
        "tags": [
          "add-user"
        ],
        "grid": 20
      },
      "attrs": [],
      "properties": {
        "id": 88,
        "order": 103,
        "prevSize": 20,
        "code": 59143,
        "name": "add-user"
      },
      "setIdx": 1,
      "setId": 2,
      "iconIdx": 87
    },
    {
      "icon": {
        "paths": [
          "M715.827 102.4h-407.706c0 0-50.995 0-50.995 51.2h509.696c0-51.2-50.995-51.2-50.995-51.2zM868.762 256c0-51.2-50.944-51.2-50.944-51.2h-611.635c0 0-50.944 0-50.944 51.2v51.2h713.523v-51.2zM970.65 307.2c-30.106-30.31-30.106-30.31-30.106-30.31v81.51h-857.088v-81.51c0 0 0 0-30.157 30.31s-51.763 38.4-39.629 102.4c12.083 63.795 70.605 413.491 79.309 460.8 9.523 51.917 62.31 51.2 62.31 51.2h713.523c0 0 52.736 0.717 62.31-51.2 8.704-47.309 67.174-397.005 79.309-460.8 12.032-64-9.574-72.090-39.782-102.4zM716.8 614.246c0 28.365-22.989 51.354-51.354 51.354h-306.893c-28.365 0-51.354-22.989-51.354-51.354v-102.246h51.2v102.4h307.2v-102.4h51.2v102.246z"
        ],
        "attrs": [],
        "isMulticolor": false,
        "isMulticolor2": false,
        "tags": [
          "archive"
        ],
        "grid": 20
      },
      "attrs": [],
      "properties": {
        "id": 101,
        "order": 104,
        "prevSize": 20,
        "code": 59659,
        "name": "archive"
      },
      "setIdx": 1,
      "setId": 2,
      "iconIdx": 100
    },
    {
      "icon": {
        "paths": [
          "M1024 102.4v819.2h-1007.616c-16.282 0-21.299-10.701-11.059-23.808l228.813-294.298c10.189-13.107 28.314-14.49 40.397-3.174l72.653 68.301c12.032 11.315 29.286 9.114 38.246-4.915l156.006-242.688c8.96-13.978 26.061-15.974 37.939-4.608l111.155 107.315c11.878 11.52 28.621 9.216 37.069-5.12l262.81-398.592c8.499-14.438 20.787-17.613 33.587-17.613z"
        ],
        "attrs": [],
        "isMulticolor": false,
        "isMulticolor2": false,
        "tags": [
          "area-graph"
        ],
        "grid": 20
      },
      "attrs": [],
      "properties": {
        "id": 102,
        "order": 105,
        "prevSize": 20,
        "code": 59144,
        "name": "area-graph"
      },
      "setIdx": 1,
      "setId": 2,
      "iconIdx": 101
    },
    {
      "icon": {
        "paths": [
          "M286.822 1013.76c-66.202 0-128.205-28.416-172.954-73.728-86.784-87.859-110.95-241.203 10.701-364.339 71.219-72.090 356.659-361.114 499.098-505.344 50.586-51.2 114.944-71.014 176.538-54.272 60.57 16.384 110.131 66.611 126.362 127.898 16.486 62.464-3.021 127.642-53.555 178.842l-477.338 483.328c-27.238 27.597-58.061 43.93-88.986 47.206-30.669 3.277-59.904-6.656-80.384-27.392-37.069-37.683-42.394-108.39 19.354-170.854l335.258-339.456c13.773-13.926 36.096-13.926 49.869 0s13.773 36.557 0 50.483l-335.309 339.507c-28.979 29.286-31.642 57.293-19.302 69.837 5.427 5.427 13.619 7.936 23.091 6.861 14.49-1.485 31.027-11.059 46.541-26.675l477.338-483.277c32.768-33.178 45.312-72.192 35.328-109.824-9.83-37.12-39.834-67.482-76.442-77.466-37.171-10.086-75.776 2.662-108.544 35.84-142.438 144.282-427.827 433.254-499.098 505.344-92.979 94.157-70.707 202.547-10.701 263.322 60.058 60.774 167.014 83.405 260.045-10.854l499.098-505.344c13.773-13.926 36.096-13.926 49.869 0s13.773 36.557 0 50.534l-499.098 505.344c-58.829 59.494-124.723 84.48-186.778 84.48z"
        ],
        "attrs": [],
        "isMulticolor": false,
        "isMulticolor2": false,
        "tags": [
          "attachment"
        ],
        "grid": 20
      },
      "attrs": [],
      "properties": {
        "id": 103,
        "order": 106,
        "prevSize": 20,
        "code": 59145,
        "name": "attachment"
      },
      "setIdx": 1,
      "setId": 2,
      "iconIdx": 102
    },
    {
      "icon": {
        "paths": [
          "M870.4 51.2h-102.4c-28.262 0-51.2 22.886-51.2 51.2v869.99h204.8v-869.99c0-28.314-22.886-51.2-51.2-51.2zM563.2 358.4h-102.4c-28.262 0-51.2 22.886-51.2 51.2v562.79h204.8v-562.79c0-28.314-22.886-51.2-51.2-51.2zM256 665.6h-102.4c-28.262 0-51.2 22.886-51.2 51.2v255.59h204.8v-255.59c0-28.314-22.886-51.2-51.2-51.2z"
        ],
        "attrs": [],
        "isMulticolor": false,
        "isMulticolor2": false,
        "tags": [
          "bar-graph"
        ],
        "grid": 20
      },
      "attrs": [],
      "properties": {
        "id": 107,
        "order": 107,
        "prevSize": 20,
        "code": 59146,
        "name": "bar-graph"
      },
      "setIdx": 1,
      "setId": 2,
      "iconIdx": 106
    },
    {
      "icon": {
        "paths": [
          "M750.080 435.814c-116.736-251.238-177.459-346.675-368.179-342.682-67.942 1.382-51.661-49.254-103.475-30.054-51.712 19.2-7.322 47.309-60.262 90.778-148.582 122.010-134.912 234.854-65.997 503.808 29.030 113.306-69.99 118.835-30.822 228.608 28.621 80.077 239.565 113.613 462.080 31.078 222.566-82.586 362.803-246.477 334.182-326.554-39.168-109.824-118.323-49.203-167.526-154.982zM559.309 849.664c-198.758 73.728-362.086 30.413-368.998 11.11-11.878-33.28 64.154-144.179 291.379-228.506s354.048-53.043 367.309-15.923c7.834 21.965-90.88 159.539-289.69 233.318zM495.411 670.771c-103.885 38.554-176.077 82.637-222.874 122.317 32.922 29.901 94.566 37.171 155.955 14.387 78.182-28.928 126.259-95.539 107.264-148.685-0.256-0.666-0.563-1.178-0.819-1.843-12.851 4.198-26.010 8.755-39.526 13.824z"
        ],
        "attrs": [],
        "isMulticolor": false,
        "isMulticolor2": false,
        "tags": [
          "bell"
        ],
        "grid": 20
      },
      "attrs": [],
      "properties": {
        "id": 110,
        "order": 83,
        "prevSize": 20,
        "code": 59148,
        "name": "bell"
      },
      "setIdx": 1,
      "setId": 2,
      "iconIdx": 109
    },
    {
      "icon": {
        "paths": [
          "M512 20.48c-271.514 0-491.571 220.058-491.571 491.52 0 271.514 220.058 491.571 491.571 491.571 271.411 0 491.52-220.058 491.52-491.571 0-271.462-220.109-491.52-491.52-491.52zM122.829 512c0-214.886 174.182-389.12 389.12-389.12 93.645 0 179.507 33.126 246.63 88.218l-547.533 547.533c-55.091-67.174-88.218-152.986-88.218-246.63zM511.949 901.069c-93.594 0-179.456-33.075-246.528-88.166l547.533-547.482c55.040 67.174 88.166 152.934 88.166 246.579 0 214.886-174.285 389.069-389.171 389.069z"
        ],
        "attrs": [],
        "isMulticolor": false,
        "isMulticolor2": false,
        "tags": [
          "block"
        ],
        "grid": 20
      },
      "attrs": [],
      "properties": {
        "id": 112,
        "order": 108,
        "prevSize": 20,
        "code": 59149,
        "name": "block"
      },
      "setIdx": 1,
      "setId": 2,
      "iconIdx": 111
    },
    {
      "icon": {
        "paths": [
          "M870.4 153.6h-51.2v102.4h-153.6v-102.4h-307.2v102.4h-153.6v-102.4h-51.2c-56.371 0-102.4 46.080-102.4 102.4v614.4c0 56.32 46.029 102.4 102.4 102.4h716.8c56.32 0 102.4-46.080 102.4-102.4v-614.4c0-56.32-46.080-102.4-102.4-102.4zM870.4 870.4h-716.8v-409.6h716.8v409.6zM332.8 51.2h-102.4v179.2h102.4v-179.2zM793.6 51.2h-102.4v179.2h102.4v-179.2z"
        ],
        "attrs": [],
        "isMulticolor": false,
        "isMulticolor2": false,
        "tags": [
          "calendar"
        ],
        "grid": 20
      },
      "attrs": [],
      "properties": {
        "id": 122,
        "order": 114,
        "prevSize": 20,
        "code": 59151,
        "name": "calendar"
      },
      "setIdx": 1,
      "setId": 2,
      "iconIdx": 121
    },
    {
      "icon": {
        "paths": [
          "M512 409.6c-84.838 0-153.6 68.813-153.6 153.6s68.762 153.6 153.6 153.6c84.787 0 153.6-68.813 153.6-153.6s-68.813-153.6-153.6-153.6zM921.6 256h-122.88c-16.896 0-35.123-13.107-40.397-29.184l-31.795-95.283c-5.376-16.026-23.501-29.133-40.448-29.133h-348.16c-16.896 0-35.123 13.107-40.397 29.082l-31.846 95.334c-5.325 16.077-23.501 29.184-40.397 29.184h-122.88c-56.32 0-102.4 46.080-102.4 102.4v460.8c0 56.32 46.080 102.4 102.4 102.4h819.2c56.32 0 102.4-46.080 102.4-102.4v-460.8c0-56.32-46.080-102.4-102.4-102.4zM512 819.2c-141.414 0-256-114.586-256-256s114.586-256 256-256c141.363 0 256 114.586 256 256s-114.637 256-256 256zM896 419.84c-19.814 0-35.84-16.077-35.84-35.891 0-19.712 16.026-35.84 35.84-35.84s35.84 16.077 35.84 35.84c0 19.814-16.026 35.891-35.84 35.891z"
        ],
        "attrs": [],
        "isMulticolor": false,
        "isMulticolor2": false,
        "tags": [
          "camera"
        ],
        "grid": 20
      },
      "attrs": [],
      "properties": {
        "id": 123,
        "order": 113,
        "prevSize": 20,
        "code": 59152,
        "name": "camera"
      },
      "setIdx": 1,
      "setId": 2,
      "iconIdx": 122
    },
    {
      "icon": {
        "paths": [
          "M35.072 512h121.446v-10.496c5.53-227.021 190.669-409.395 418.253-409.395 231.168 0 418.509 188.006 418.509 419.891s-187.341 419.789-418.509 419.789c-97.178 0-186.624-33.28-257.69-88.986l71.987-77.005c52.019 38.298 116.224 61.082 185.702 61.082 173.363 0 313.907-141.005 313.907-314.88s-140.544-314.88-313.907-314.88c-169.83 0-308.122 135.322-313.6 304.384v10.496h136.806l-178.893 199.373-184.013-199.373z"
        ],
        "attrs": [],
        "isMulticolor": false,
        "isMulticolor2": false,
        "tags": [
          "ccw"
        ],
        "grid": 20
      },
      "attrs": [],
      "properties": {
        "id": 124,
        "order": 112,
        "prevSize": 20,
        "code": 59660,
        "name": "ccw"
      },
      "setIdx": 1,
      "setId": 2,
      "iconIdx": 123
    },
    {
      "icon": {
        "paths": [
          "M296.96 624.64v-317.44h-194.56c-56.32 0-102.4 46.080-102.4 102.4v307.2c0 56.32 46.080 102.4 102.4 102.4h51.2v153.6l153.6-153.6h256c56.32 0 102.4-46.080 102.4-102.4v-93.184c-3.277 0.717-6.758 1.075-10.24 1.075l-358.4-0.051zM921.6 51.2h-460.8c-56.32 0-102.4 46.080-102.4 102.4v409.6h358.4l153.6 153.6v-153.6h51.2c56.32 0 102.4-46.029 102.4-102.4v-307.2c0-56.32-46.080-102.4-102.4-102.4z"
        ],
        "attrs": [],
        "isMulticolor": false,
        "isMulticolor2": false,
        "tags": [
          "chat"
        ],
        "grid": 20
      },
      "attrs": [],
      "properties": {
        "id": 125,
        "order": 84,
        "prevSize": 20,
        "code": 59153,
        "name": "chat"
      },
      "setIdx": 1,
      "setId": 2,
      "iconIdx": 124
    },
    {
      "icon": {
        "paths": [
          "M424.653 870.298c-22.272 0-43.366-10.394-56.883-28.314l-182.938-241.715c-23.808-31.386-17.613-76.083 13.824-99.891 31.488-23.91 76.186-17.613 99.994 13.824l120.371 158.925 302.643-485.99c20.838-33.382 64.87-43.622 98.355-22.784 33.434 20.787 43.725 64.819 22.835 98.304l-357.581 573.952c-12.39 20.019-33.843 32.512-57.344 33.587-1.126 0.102-2.15 0.102-3.277 0.102z"
        ],
        "attrs": [],
        "isMulticolor": false,
        "isMulticolor2": false,
        "tags": [
          "check"
        ],
        "grid": 20
      },
      "attrs": [],
      "properties": {
        "id": 126,
        "order": 111,
        "prevSize": 20,
        "code": 59154,
        "name": "check"
      },
      "setIdx": 1,
      "setId": 2,
      "iconIdx": 125
    },
    {
      "icon": {
        "paths": [
          "M859.29 512c0-53.709 33.075-96 82.79-125.082-9.011-29.901-20.838-58.624-35.43-85.606-55.757 14.592-100.864-7.219-138.803-45.21-37.939-37.888-49.562-82.995-34.97-138.803-26.982-14.592-55.706-26.522-85.606-35.379-29.082 49.664-81.664 82.688-135.27 82.688-53.658 0-106.189-33.024-135.322-82.688-29.952 8.858-58.573 20.787-85.555 35.379 14.592 55.808 3.021 100.915-35.021 138.803-37.888 37.99-82.995 59.802-138.803 45.21-14.592 26.982-26.47 55.706-35.379 85.606 49.664 29.082 82.688 71.373 82.688 125.082 0 53.606-33.024 106.189-82.688 135.322 8.96 29.901 20.787 58.573 35.379 85.606 55.808-14.592 100.915-3.021 138.803 34.918 37.939 37.99 49.613 83.098 35.021 138.803 26.982 14.592 55.654 26.522 85.606 35.482 29.082-49.818 81.664-82.79 135.322-82.79 53.606 0 106.189 33.024 135.322 82.79 29.901-9.011 58.573-20.89 85.606-35.482-14.592-55.706-3.021-100.813 34.97-138.803 37.939-37.888 83.046-59.699 138.803-45.21 14.592-26.982 26.47-55.603 35.43-85.606-49.818-29.133-82.893-71.424-82.893-125.030zM512 698.982c-103.322 0-187.034-83.712-187.034-186.982 0-103.322 83.763-187.085 187.034-187.085 103.322 0 186.982 83.814 186.982 187.085-0 103.322-83.661 186.982-186.982 186.982z"
        ],
        "attrs": [],
        "isMulticolor": false,
        "isMulticolor2": false,
        "tags": [
          "cog"
        ],
        "grid": 20
      },
      "attrs": [],
      "properties": {
        "id": 136,
        "order": 115,
        "prevSize": 20,
        "code": 59159,
        "name": "cog"
      },
      "setIdx": 1,
      "setId": 2,
      "iconIdx": 135
    },
    {
      "icon": {
        "paths": [
          "M734.618 760.269c-24.013 24.013-62.925 24.013-86.886 0l-135.731-155.136-135.731 155.085c-24.013 24.013-62.925 24.013-86.886 0-24.013-24.013-24.013-62.925 0-86.886l141.21-161.28-141.261-161.382c-24.013-24.013-24.013-62.874 0-86.886s62.874-24.013 86.886 0l135.782 155.187 135.731-155.187c24.013-24.013 62.874-24.013 86.886 0s24.013 62.925 0 86.886l-141.21 161.382 141.21 161.28c24.013 24.013 24.013 62.925 0 86.938z"
        ],
        "attrs": [],
        "isMulticolor": false,
        "isMulticolor2": false,
        "tags": [
          "cross"
        ],
        "grid": 20
      },
      "attrs": [],
      "properties": {
        "id": 142,
        "order": 116,
        "prevSize": 20,
        "code": 59160,
        "name": "cross"
      },
      "setIdx": 1,
      "setId": 2,
      "iconIdx": 141
    },
    {
      "icon": {
        "paths": [
          "M988.928 512h-121.446v-10.496c-5.53-227.021-190.669-409.395-418.253-409.395-231.168 0-418.509 188.006-418.509 419.891s187.341 419.789 418.509 419.789c97.178 0 186.624-33.28 257.69-88.986l-71.987-77.005c-52.019 38.298-116.224 61.082-185.702 61.082-173.363 0-313.907-141.005-313.907-314.88s140.544-314.88 313.907-314.88c169.83 0 308.122 135.322 313.6 304.384v10.496h-136.806l178.893 199.373 184.013-199.373z"
        ],
        "attrs": [],
        "isMulticolor": false,
        "isMulticolor2": false,
        "tags": [
          "cw"
        ],
        "grid": 20
      },
      "attrs": [],
      "properties": {
        "id": 144,
        "order": 117,
        "prevSize": 20,
        "code": 59161,
        "name": "cw"
      },
      "setIdx": 1,
      "setId": 2,
      "iconIdx": 143
    },
    {
      "icon": {
        "paths": [
          "M924.672 99.379c-30.003-30.003-58.573-1.69-155.699 45.005-259.84 124.877-712.653 378.675-712.653 378.675l389.069 55.501 55.552 389.069c0 0 253.85-452.762 378.675-712.499 46.694-97.178 75.008-125.747 45.056-155.75zM831.283 199.475l-282.573 524.646-28.723-238.336 311.296-286.31z"
        ],
        "attrs": [],
        "isMulticolor": false,
        "isMulticolor2": false,
        "tags": [
          "direction"
        ],
        "grid": 20
      },
      "attrs": [],
      "properties": {
        "id": 148,
        "order": 123,
        "prevSize": 20,
        "code": 59162,
        "name": "direction"
      },
      "setIdx": 1,
      "setId": 2,
      "iconIdx": 147
    },
    {
      "icon": {
        "paths": [
          "M899.123 124.877c-73.83-73.882-129.28-62.822-129.28-62.822l-656.691 656.64-51.712 243.814 243.866-51.712 656.691-656.538c-0.051 0 11.059-55.45-62.874-129.382zM290.816 881.51l-83.149 17.92c-7.987-15.002-17.664-30.003-35.328-47.718-17.715-17.715-32.717-27.29-47.718-35.379l17.92-83.098 24.064-24.013c0 0 45.21 0.922 96.307 52.019 51.046 50.995 52.019 96.307 52.019 96.307l-24.115 23.962z"
        ],
        "attrs": [],
        "isMulticolor": false,
        "isMulticolor2": false,
        "tags": [
          "edit"
        ],
        "grid": 20
      },
      "attrs": [],
      "properties": {
        "id": 154,
        "order": 118,
        "prevSize": 20,
        "code": 59163,
        "name": "edit"
      },
      "setIdx": 1,
      "setId": 2,
      "iconIdx": 153
    },
    {
      "icon": {
        "paths": [
          "M747.93 623.206c0 43.008 12.237 60.16 44.237 60.16 71.322 0 116.736-90.88 116.736-242.022 0-231.014-168.346-341.606-378.522-341.606-216.218 0-412.877 144.998-412.877 419.021 0 261.734 172.032 404.275 436.224 404.275 89.702 0 149.914-9.83 242.022-40.55l19.763 82.278c-90.931 29.542-188.109 38.093-263.014 38.093-346.522 0-532.122-190.464-532.122-484.147 0-296.141 215.091-497.664 511.232-497.664 308.429 0 471.808 184.32 471.808 410.419 0 191.693-60.16 337.92-249.395 337.92-86.067 0-142.541-34.406-149.914-110.643-22.118 84.787-81.101 110.643-161.024 110.643-106.906 0-196.608-82.381-196.608-248.218 0-167.117 78.694-270.336 220.006-270.336 74.957 0 121.651 29.491 142.438 76.186l35.686-65.126h103.219v361.318h0.102zM596.838 461.005c0-67.533-50.432-95.846-92.211-95.846-45.466 0-95.795 36.813-95.795 144.998 0 86.016 38.093 133.939 95.795 133.939 40.55 0 92.211-25.805 92.211-97.075v-86.016z"
        ],
        "attrs": [],
        "isMulticolor": false,
        "isMulticolor2": false,
        "tags": [
          "email"
        ],
        "grid": 20
      },
      "attrs": [],
      "properties": {
        "id": 155,
        "order": 119,
        "prevSize": 20,
        "code": 59164,
        "name": "email"
      },
      "setIdx": 1,
      "setId": 2,
      "iconIdx": 154
    },
    {
      "icon": {
        "paths": [
          "M512 225.28c-335.923 0-512 247.398-512 286.72 0 39.219 176.077 286.72 512 286.72 335.872 0 512-247.501 512-286.72 0-39.322-176.128-286.72-512-286.72zM512 732.518c-125.696 0-227.584-98.714-227.584-220.518s101.888-220.621 227.584-220.621c125.696 0 227.533 98.816 227.533 220.621s-101.837 220.518-227.533 220.518zM512 512c-20.838-22.886 33.946-110.285 0-110.285-62.874 0-113.818 49.408-113.818 110.285s50.944 110.285 113.818 110.285c62.822 0 113.818-49.408 113.818-110.285 0-28.006-96.102 19.405-113.818 0z"
        ],
        "attrs": [],
        "isMulticolor": false,
        "isMulticolor2": false,
        "tags": [
          "eye"
        ],
        "grid": 20
      },
      "attrs": [],
      "properties": {
        "id": 162,
        "order": 126,
        "prevSize": 20,
        "code": 59165,
        "name": "eye"
      },
      "setIdx": 1,
      "setId": 2,
      "iconIdx": 161
    },
    {
      "icon": {
        "paths": [
          "M969.011 285.901c-478.157 694.682-314.47-13.312-718.694 325.478l91.904 361.421h-103.373l-187.648-737.792 94.72-33.997c453.069-331.315 216.474 297.984 800.614 64.205 18.637-7.526 33.536 4.608 22.477 20.685z"
        ],
        "attrs": [],
        "isMulticolor": false,
        "isMulticolor2": false,
        "tags": [
          "flag"
        ],
        "grid": 20
      },
      "attrs": [],
      "properties": {
        "id": 164,
        "order": 125,
        "prevSize": 20,
        "code": 59166,
        "name": "flag"
      },
      "setIdx": 1,
      "setId": 2,
      "iconIdx": 163
    },
    {
      "icon": {
        "paths": [
          "M942.336 143.309c-5.734-22.528-33.587-40.909-61.952-40.909h-736.768c-28.416 0-56.269 18.381-61.952 40.909l-10.291 61.491h881.203l-10.24-61.491zM993.894 256h-963.84c-17.51 0-31.181 15.053-29.542 32.512l47.258 597.453c1.946 20.173 18.944 35.635 39.219 35.635h849.971c20.326 0 37.274-15.462 39.219-35.635l47.258-597.453c1.69-17.459-12.032-32.512-29.542-32.512zM636.826 428.8c26.522 0 48.026 21.504 48.026 48.026s-21.504 48.026-48.026 48.026-48.026-21.555-48.026-48.077c0-26.47 21.504-47.974 48.026-47.974zM281.6 716.8l127.283-292.557 144.742 234.291 124.109-61.645 64.666 119.91h-460.8z"
        ],
        "attrs": [],
        "isMulticolor": false,
        "isMulticolor2": false,
        "tags": [
          "folder-images"
        ],
        "grid": 20
      },
      "attrs": [],
      "properties": {
        "id": 168,
        "order": 128,
        "prevSize": 20,
        "code": 59661,
        "name": "folder-images"
      },
      "setIdx": 1,
      "setId": 2,
      "iconIdx": 167
    },
    {
      "icon": {
        "paths": [
          "M942.336 245.709c-5.683-22.528-33.536-40.909-61.952-40.909h-348.877c-28.365 0-68.096-16.282-88.166-36.198l-30.515-30.106c-20.070-19.917-59.75-36.096-88.115-36.096h-166.656c-28.416 0-54.221 22.886-57.344 50.893l-14.95 153.907h866.867l-10.291-61.491zM993.894 358.4h-963.789c-17.51 0-31.232 15.053-29.542 32.512l47.258 495.053c1.894 20.173 18.893 35.635 39.219 35.635h849.92c20.326 0 37.274-15.462 39.219-35.635l47.258-495.053c1.69-17.459-12.032-32.512-29.542-32.512z"
        ],
        "attrs": [],
        "isMulticolor": false,
        "isMulticolor2": false,
        "tags": [
          "folder"
        ],
        "grid": 20
      },
      "attrs": [],
      "properties": {
        "id": 171,
        "order": 127,
        "prevSize": 20,
        "code": 59662,
        "name": "folder"
      },
      "setIdx": 1,
      "setId": 2,
      "iconIdx": 170
    },
    {
      "icon": {
        "paths": [
          "M614.4 607.949v223.078l358.4-342.528-358.4-336.486v203.93c-449.28 0-563.2 498.278-563.2 498.278 127.181-224.666 319.334-246.272 563.2-246.272z"
        ],
        "attrs": [],
        "isMulticolor": false,
        "isMulticolor2": false,
        "tags": [
          "forward"
        ],
        "grid": 20
      },
      "attrs": [],
      "properties": {
        "id": 172,
        "order": 130,
        "prevSize": 20,
        "code": 59663,
        "name": "forward"
      },
      "setIdx": 1,
      "setId": 2,
      "iconIdx": 171
    },
    {
      "icon": {
        "paths": [
          "M512 20.48c-271.104 0-491.571 220.518-491.571 491.52s220.467 491.52 491.571 491.52c271.002 0 491.52-220.518 491.52-491.52s-220.518-491.52-491.52-491.52zM931.226 512c0 95.898-32.563 184.32-86.835 254.976-15.36-11.981-31.693-44.39-16.333-77.978 15.514-33.792 19.558-112.026 15.974-142.49-3.379-30.413-19.2-103.68-62.157-104.397-42.906-0.614-72.346-14.797-97.843-65.69-52.89-105.882 99.277-126.208 46.387-184.781-14.797-16.486-91.29 67.686-102.502-44.493-0.717-8.038 6.912-20.070 17.203-32.563 166.093 55.808 286.106 212.838 286.106 397.414zM454.4 96.922c-10.035 19.558-36.506 27.494-52.582 42.189-35.021 31.693-50.074 27.29-68.915 57.702-18.995 30.413-80.23 74.189-80.23 96.205s30.925 47.923 46.387 42.906c15.462-5.12 56.269-4.813 80.23 3.584 24.013 8.499 200.397 16.998 144.179 166.093-17.818 47.411-95.898 39.424-116.685 117.914-3.123 11.52-13.926 60.723-14.592 76.8-1.28 24.883 17.613 118.682-6.4 118.682-24.115 0-88.986-83.917-88.986-99.123s-16.794-68.506-16.794-114.176c0-45.619-77.722-44.902-77.722-105.574 0-54.682 42.138-81.92 32.666-108.186-9.267-26.112-83.302-26.982-114.176-30.208 53.914-139.827 180.736-243.61 333.619-264.806zM380.109 909.824c25.19-13.312 27.75-30.515 50.586-31.386 26.112-1.178 47.36-10.189 76.8-16.691 26.112-5.683 72.858-32.205 113.971-35.584 34.714-2.816 103.168 1.792 121.6 35.277-66.304 44.083-145.818 69.786-231.117 69.786-46.029 0-90.368-7.629-131.84-21.402z"
        ],
        "attrs": [],
        "isMulticolor": false,
        "isMulticolor2": false,
        "tags": [
          "globe"
        ],
        "grid": 20
      },
      "attrs": [],
      "properties": {
        "id": 176,
        "order": 131,
        "prevSize": 20,
        "code": 59167,
        "name": "globe"
      },
      "setIdx": 1,
      "setId": 2,
      "iconIdx": 175
    },
    {
      "icon": {
        "paths": [
          "M169.062 626.586c23.757 96.205 53.965 138.291 154.726 182.374 100.813 44.032 148.685 92.16 188.211 92.16 39.475 0 84.378-42.086 185.139-86.221 100.813-44.083 73.882-57.498 97.638-153.702l-282.778 137.523-342.938-172.134zM998.963 375.603l-426.24-238.694c-33.382-18.688-88.064-18.688-121.446 0l-426.291 238.694c-33.382 18.688-33.382 49.306 0 67.994l426.24 238.694c33.382 18.688 88.064 18.688 121.446 0l275.558-154.317-298.803-69.99c-11.52 2.816-24.166 4.403-37.427 4.403-53.862 0-97.485-25.907-97.485-57.907 0-32.102 43.674-58.010 97.485-58.010 41.779 0 77.312 15.718 91.136 37.581l316.518 103.885 79.309-44.39c33.331-18.637 33.331-49.254 0-67.942zM868.71 827.904c-3.328 19.712 65.69 52.122 72.243-5.478 29.645-259.686-21.299-334.387-21.299-334.387l-71.424 39.987c0-0.051 60.57 57.6 20.48 299.878z"
        ],
        "attrs": [],
        "isMulticolor": false,
        "isMulticolor2": false,
        "tags": [
          "graduation-cap"
        ],
        "grid": 20
      },
      "attrs": [],
      "properties": {
        "id": 177,
        "order": 140,
        "prevSize": 20,
        "code": 59168,
        "name": "graduation-cap"
      },
      "setIdx": 1,
      "setId": 2,
      "iconIdx": 176
    },
    {
      "icon": {
        "paths": [
          "M880.128 212.787c-85.606-78.592-224.41-78.592-310.016 0l-58.112 53.299-58.163-53.299c-85.606-78.592-224.358-78.592-309.965 0-96.307 88.371-96.307 231.373 0 319.744l368.128 337.869 368.128-337.869c96.256-88.371 96.256-231.424 0-319.744zM825.549 480l-313.549 292.608-313.6-292.608c-31.59-29.030-43.827-66.918-43.827-107.213s7.066-73.37 38.707-102.349c27.904-25.651 65.434-39.782 105.626-39.782 40.141 0 77.67 24.371 105.574 50.074l107.52 93.44 107.469-93.491c27.955-25.702 65.434-50.074 105.626-50.074s77.722 14.131 105.626 39.782c31.642 28.979 38.656 62.054 38.656 102.349s-12.186 78.234-43.827 107.264z"
        ],
        "attrs": [],
        "isMulticolor": false,
        "isMulticolor2": false,
        "tags": [
          "heart-outlined"
        ],
        "grid": 20
      },
      "attrs": [],
      "properties": {
        "id": 181,
        "order": 139,
        "prevSize": 20,
        "code": 59169,
        "name": "heart-outlined"
      },
      "setIdx": 1,
      "setId": 2,
      "iconIdx": 180
    },
    {
      "icon": {
        "paths": [
          "M880.128 212.736c-85.606-78.541-224.41-78.541-310.016 0l-58.112 53.35-58.163-53.35c-85.606-78.541-224.358-78.541-309.965 0-96.307 88.422-96.307 231.424 0 319.795l368.128 337.869 368.128-337.869c96.256-88.371 96.256-231.424 0-319.795z"
        ],
        "attrs": [],
        "isMulticolor": false,
        "isMulticolor2": false,
        "tags": [
          "heart"
        ],
        "grid": 20
      },
      "attrs": [],
      "properties": {
        "id": 182,
        "order": 138,
        "prevSize": 20,
        "code": 59170,
        "name": "heart"
      },
      "setIdx": 1,
      "setId": 2,
      "iconIdx": 181
    },
    {
      "icon": {
        "paths": [
          "M956.006 563.2h-85.606v307.2c0 22.784-9.933 51.2-51.2 51.2h-204.8v-307.2h-204.8v307.2h-204.8c-41.267 0-51.2-28.416-51.2-51.2v-307.2h-85.606c-30.618 0-24.064-16.589-3.072-38.298l410.829-411.238c9.984-10.342 23.091-15.462 36.25-15.974 13.158 0.512 26.266 5.581 36.25 15.974l410.778 411.187c21.043 21.76 27.597 38.349-3.021 38.349z"
        ],
        "attrs": [],
        "isMulticolor": false,
        "isMulticolor2": false,
        "tags": [
          "home"
        ],
        "grid": 20
      },
      "attrs": [],
      "properties": {
        "id": 185,
        "order": 137,
        "prevSize": 20,
        "code": 59171,
        "name": "home"
      },
      "setIdx": 1,
      "setId": 2,
      "iconIdx": 184
    },
    {
      "icon": {
        "paths": [
          "M798.72 234.291c0-109.517 0-120.218 0-120.218 0-40.397-128.41-114.074-286.72-114.074-158.362 0-286.72 73.677-286.72 114.074 0 0 0 10.701 0 120.218 0 109.619 198.502 200.090 198.502 277.709 0 77.517-198.502 167.987-198.502 277.606s0 120.32 0 120.32c0 40.346 128.358 114.074 286.72 114.074 158.31 0 286.72-73.728 286.72-114.125 0 0 0-10.701 0-120.32s-198.502-200.090-198.502-277.606c0-77.568 198.502-168.038 198.502-277.658zM304.179 119.194c35.635-22.477 102.4-55.398 210.637-55.398 108.186 0 205.107 55.398 205.107 55.398 7.27 4.403 35.738 19.61 16.23 31.181-42.906 25.446-126.874 52.224-224.154 52.224s-178.381-29.491-221.389-54.989c-19.507-11.52 13.568-28.416 13.568-28.416zM537.651 512c0 61.082 50.995 100.403 105.011 152.883 39.475 38.298 93.491 90.778 93.491 124.672v67.994c-49.664-24.73-198.246-48.896-198.246-128.205 0-40.090-51.866-40.090-51.866 0 0 79.309-148.582 103.475-198.246 128.205v-67.994c0-33.894 54.067-86.426 93.491-124.672 54.016-52.48 105.011-91.802 105.011-152.883s-50.995-100.403-105.011-152.883c-39.475-38.4-93.491-90.88-93.491-124.826l-2.355-51.098c52.531 28.314 135.782 55.194 226.56 55.194 90.726 0 174.387-26.88 226.97-55.194l-2.816 51.098c0 33.894-54.067 86.426-93.491 124.826-53.965 52.48-105.011 91.802-105.011 152.883z"
        ],
        "attrs": [],
        "isMulticolor": false,
        "isMulticolor2": false,
        "tags": [
          "hour-glass"
        ],
        "grid": 20
      },
      "attrs": [],
      "properties": {
        "id": 186,
        "order": 135,
        "prevSize": 20,
        "code": 59172,
        "name": "hour-glass"
      },
      "setIdx": 1,
      "setId": 2,
      "iconIdx": 185
    },
    {
      "icon": {
        "paths": [
          "M921.6 153.6h-819.2c-28.314 0-51.2 22.886-51.2 51.2v614.4c0 28.262 22.886 51.2 51.2 51.2h819.2c28.314 0 51.2-22.938 51.2-51.2v-614.4c0-28.262-22.886-51.2-51.2-51.2zM678.4 332.8c35.328 0 64 28.672 64 64s-28.672 64-64 64-64-28.672-64-64 28.672-64 64-64zM204.8 716.8l169.677-390.093 192.973 312.422 165.427-82.176 86.323 159.846h-614.4z"
        ],
        "attrs": [],
        "isMulticolor": false,
        "isMulticolor2": false,
        "tags": [
          "image-inverted"
        ],
        "grid": 20
      },
      "attrs": [],
      "properties": {
        "id": 187,
        "order": 136,
        "prevSize": 20,
        "code": 59173,
        "name": "image-inverted"
      },
      "setIdx": 1,
      "setId": 2,
      "iconIdx": 186
    },
    {
      "icon": {
        "paths": [
          "M972.8 102.4h-921.6c-28.314 0-51.2 22.886-51.2 51.2v716.8c0 28.262 22.886 51.2 51.2 51.2h921.6c28.314 0 51.2-22.938 51.2-51.2v-716.8c0-28.262-22.886-51.2-51.2-51.2zM921.6 819.2h-819.2v-614.4h819.2v614.4zM732.928 556.902l-165.427 82.176-193.024-312.371-169.677 390.093h614.4l-86.272-159.898zM678.4 460.8c35.328 0 64-28.672 64-64s-28.672-64-64-64-64 28.672-64 64 28.672 64 64 64z"
        ],
        "attrs": [],
        "isMulticolor": false,
        "isMulticolor2": false,
        "tags": [
          "image"
        ],
        "grid": 20
      },
      "attrs": [],
      "properties": {
        "id": 188,
        "order": 134,
        "prevSize": 20,
        "code": 59174,
        "name": "image"
      },
      "setIdx": 1,
      "setId": 2,
      "iconIdx": 187
    },
    {
      "icon": {
        "paths": [
          "M876.8 315.904l-104.755-288.512c-7.731-21.299-30.464-32.614-50.637-25.19l-696.218 254.106c-20.173 7.373-30.362 30.566-22.579 51.866l110.387 304.179v-162.97c0-73.626 58.778-133.478 131.072-133.478h183.962l219.392-154.010 126.925 154.010h102.451zM984.986 409.6h-740.915c-21.504 0-39.014 17.101-39.014 39.782v482.304c0.051 22.733 17.562 41.114 39.014 41.114h740.915c21.504 0 39.014-18.381 39.014-41.114v-482.304c0-22.682-17.51-39.782-39.014-39.782zM921.6 870.4h-614.4v-102.4l101.581-205.722 141.722 175.923 133.018-136.294 170.906-61.696 67.174 176.589v153.6z"
        ],
        "attrs": [],
        "isMulticolor": false,
        "isMulticolor2": false,
        "tags": [
          "images"
        ],
        "grid": 20
      },
      "attrs": [],
      "properties": {
        "id": 189,
        "order": 133,
        "prevSize": 20,
        "code": 59175,
        "name": "images"
      },
      "setIdx": 1,
      "setId": 2,
      "iconIdx": 188
    },
    {
      "icon": {
        "paths": [
          "M636.518 0c68.608 0 102.912 46.694 102.912 100.198 0 66.816-59.597 128.614-137.165 128.614-64.973 0-102.861-38.4-101.069-101.888 0-53.402 45.107-126.925 135.322-126.925zM425.421 1024c-54.17 0-93.85-33.382-55.962-180.429l62.157-260.71c10.803-41.677 12.595-58.419 0-58.419-16.23 0-86.477 28.774-128.102 57.19l-27.034-45.056c131.686-111.923 283.187-177.51 348.211-177.51 54.118 0 63.13 65.178 36.096 165.376l-71.219 274.022c-12.595 48.384-7.219 65.075 5.427 65.075 16.23 0 69.478-20.070 121.805-61.798l30.72 41.677c-128.102 130.406-268.032 180.582-322.099 180.582z"
        ],
        "attrs": [],
        "isMulticolor": false,
        "isMulticolor2": false,
        "tags": [
          "info"
        ],
        "grid": 20
      },
      "attrs": [],
      "properties": {
        "id": 193,
        "order": 141,
        "prevSize": 20,
        "code": 59664,
        "name": "info"
      },
      "setIdx": 1,
      "setId": 2,
      "iconIdx": 192
    },
    {
      "icon": {
        "paths": [
          "M905.779 241.92c-25.754-152.422-164.864-254.31-310.733-227.379-145.92 26.88-269.107 144.179-243.354 296.704 5.478 32.819 20.89 84.173 39.066 121.088l-264.96 395.418c-9.779 14.592-15.309 40.909-12.39 58.419l17.050 100.915c2.97 17.51 19.046 29.286 35.84 26.317l77.619-14.387c16.794-3.021 38.093-17.818 47.309-32.717l104.806-169.523 0.922-1.126 70.963-13.107 122.368-198.605c40.192 7.117 97.894 4.71 131.994-1.587 145.818-26.931 209.254-187.904 183.501-340.429zM776.499 320.102c-40.141 59.904-81.101 17.715-138.394-24.32-57.293-41.882-109.312-67.686-69.222-127.59 40.141-59.904 119.091-74.496 176.486-32.512 57.344 41.933 71.219 124.518 31.13 184.422z"
        ],
        "attrs": [],
        "isMulticolor": false,
        "isMulticolor2": false,
        "tags": [
          "key"
        ],
        "grid": 20
      },
      "attrs": [],
      "properties": {
        "id": 194,
        "order": 142,
        "prevSize": 20,
        "code": 59176,
        "name": "key"
      },
      "setIdx": 1,
      "setId": 2,
      "iconIdx": 193
    },
    {
      "icon": {
        "paths": [
          "M512 102.861c-141.414 0-256 114.125-256 255.488 0 244.429 256 563.2 256 563.2s256-318.822 256-563.2c0-141.312-114.586-255.488-256-255.488zM512 499.712c-76.39 0-138.24-61.901-138.24-138.24s61.85-138.24 138.24-138.24c76.288 0 138.189 61.901 138.189 138.24s-61.901 138.24-138.189 138.24z"
        ],
        "attrs": [],
        "isMulticolor": false,
        "isMulticolor2": false,
        "tags": [
          "location-pin"
        ],
        "grid": 20
      },
      "attrs": [],
      "properties": {
        "id": 210,
        "order": 150,
        "prevSize": 20,
        "code": 59665,
        "name": "location-pin"
      },
      "setIdx": 1,
      "setId": 2,
      "iconIdx": 209
    },
    {
      "icon": {
        "paths": [
          "M991.59 926.822l-69.99-210.022h-76.8l42.65 204.8h-750.899l42.65-204.8h-76.8l-70.042 210.022c-17.766 53.453 13.722 97.178 70.042 97.178h819.2c56.32 0 87.808-43.725 69.99-97.178zM768 256c0-141.363-114.586-256-256-256s-256 114.637-256 256c0 244.48 256 512 256 512s256-267.52 256-512zM373.76 259.072c0-76.339 61.85-138.189 138.24-138.189s138.24 61.85 138.24 138.189c0 76.39-61.901 138.24-138.24 138.24s-138.24-61.901-138.24-138.24z"
        ],
        "attrs": [],
        "isMulticolor": false,
        "isMulticolor2": false,
        "tags": [
          "location"
        ],
        "grid": 20
      },
      "attrs": [],
      "properties": {
        "id": 211,
        "order": 149,
        "prevSize": 20,
        "code": 59178,
        "name": "location"
      },
      "setIdx": 1,
      "setId": 2,
      "iconIdx": 210
    },
    {
      "icon": {
        "paths": [
          "M808.96 409.6h-92.16v-122.88c0-148.326-68.352-235.52-204.8-235.52-136.499 0-204.8 87.194-204.8 235.52v20.48h102.4v-41.011c0-73.984 40.806-112.589 102.4-112.589s102.4 38.605 102.4 112.589v143.411h-409.6c-28.314 0-51.2 33.075-51.2 61.389v399.411c0 28.109 21.914 58.317 48.691 66.918l61.286 19.814c26.829 8.55 71.782 15.667 99.942 15.667h296.96c28.109 0 73.114-7.117 99.891-15.718l61.235-19.814c26.829-8.55 48.794-38.758 48.794-66.867v-399.411c0-28.314-33.178-61.389-61.44-61.389z"
        ],
        "attrs": [],
        "isMulticolor": false,
        "isMulticolor2": false,
        "tags": [
          "lock-open"
        ],
        "grid": 20
      },
      "attrs": [],
      "properties": {
        "id": 212,
        "order": 148,
        "prevSize": 20,
        "code": 59179,
        "name": "lock-open"
      },
      "setIdx": 1,
      "setId": 2,
      "iconIdx": 211
    },
    {
      "icon": {
        "paths": [
          "M808.96 409.6h-92.16v-122.88c0-148.326-68.352-235.52-204.8-235.52-136.499 0-204.8 87.194-204.8 235.52v122.88h-102.4c-28.314 0-51.2 33.075-51.2 61.389v399.411c0 28.109 21.914 58.317 48.691 66.918l61.286 19.814c26.829 8.55 71.782 15.667 99.942 15.667h296.96c28.109 0 73.114-7.117 99.891-15.718l61.235-19.814c26.829-8.55 48.794-38.758 48.794-66.867v-399.411c0-28.314-33.178-61.389-61.44-61.389zM614.4 409.6h-204.8v-143.411c0-73.984 40.806-112.589 102.4-112.589s102.4 38.605 102.4 112.589v143.411z"
        ],
        "attrs": [],
        "isMulticolor": false,
        "isMulticolor2": false,
        "tags": [
          "lock"
        ],
        "grid": 20
      },
      "attrs": [],
      "properties": {
        "id": 213,
        "order": 147,
        "prevSize": 20,
        "code": 59180,
        "name": "lock"
      },
      "setIdx": 1,
      "setId": 2,
      "iconIdx": 212
    },
    {
      "icon": {
        "paths": [
          "M898.304 791.91l-193.485-193.485c29.184-47.872 45.978-104.192 45.978-164.352 0-174.95-151.603-326.502-326.554-326.502-174.95-0.051-316.723 141.773-316.723 316.723 0 174.899 151.603 326.502 326.502 326.502 58.214 0 112.64-15.821 159.488-43.213l194.509 194.611c19.046 18.995 49.92 18.995 68.915 0l48.282-48.282c18.995-18.995 12.083-43.008-6.912-62.003zM205.005 424.294c0-121.139 98.15-219.29 219.238-219.29 121.139 0 229.069 107.878 229.069 229.069 0 121.088-98.202 219.29-219.29 219.29-121.139-0.051-229.018-107.981-229.018-229.069z"
        ],
        "attrs": [],
        "isMulticolor": false,
        "isMulticolor2": false,
        "tags": [
          "magnifying-glass"
        ],
        "grid": 20
      },
      "attrs": [],
      "properties": {
        "id": 218,
        "order": 146,
        "prevSize": 20,
        "code": 59181,
        "name": "magnifying-glass"
      },
      "setIdx": 1,
      "setId": 2,
      "iconIdx": 217
    },
    {
      "icon": {
        "paths": [
          "M80.589 270.643c24.986 13.414 371.098 199.373 384 206.285s29.594 10.189 46.387 10.189c16.794 0 33.485-3.277 46.387-10.189s359.014-192.87 384-206.285c25.037-13.466 48.691-65.843 2.765-65.843h-866.253c-45.926 0-22.272 52.378 2.714 65.843zM952.986 383.437c-28.416 14.797-378.214 197.069-395.622 206.182s-29.594 10.189-46.387 10.189-28.979-1.075-46.387-10.189-365.21-191.437-393.626-206.234c-19.968-10.445-19.763 1.792-19.763 11.213s0 373.402 0 373.402c0 21.504 28.979 51.2 51.2 51.2h819.2c22.221 0 51.2-29.696 51.2-51.2 0 0 0-363.93 0-373.35s0.205-21.658-19.814-11.213z"
        ],
        "attrs": [],
        "isMulticolor": false,
        "isMulticolor2": false,
        "tags": [
          "mail"
        ],
        "grid": 20
      },
      "attrs": [],
      "properties": {
        "id": 219,
        "order": 145,
        "prevSize": 20,
        "code": 59182,
        "name": "mail"
      },
      "setIdx": 1,
      "setId": 2,
      "iconIdx": 218
    },
    {
      "icon": {
        "paths": [
          "M512 512c27.034 0 52.531 5.325 77.005 13.107l-311.142-466.688c-3.021-4.506-8.038-7.219-13.466-7.219h-182.067c-5.99 0-9.626 6.707-6.246 11.725l319.027 478.566c35.174-18.227 74.547-29.491 116.89-29.491zM941.67 51.2h-182.067c-5.427 0-10.445 2.714-13.466 7.219l-195.738 293.581 102.4 153.6 295.117-442.675c3.328-5.018-0.256-11.725-6.246-11.725zM512 563.2c-113.101 0-204.8 91.699-204.8 204.8s91.699 204.8 204.8 204.8 204.8-91.699 204.8-204.8c0-113.101-91.699-204.8-204.8-204.8zM620.134 773.99c3.174 3.277 2.662 8.090-1.126 10.65s-4.864 7.834-2.509 11.725c2.406 3.891 0.922 8.448-3.328 10.189s-6.4 6.656-4.864 10.957-0.87 8.448-5.325 9.267-7.629 5.171-7.014 9.677-2.611 8.090-7.168 7.936c-4.557-0.154-8.55 3.482-8.909 7.987s-4.25 7.373-8.653 6.298-9.114 1.587-10.394 5.99-5.683 6.349-9.779 4.352c-4.096-1.997-9.216-0.307-11.366 3.686s-6.861 5.018-10.496 2.202-8.96-2.253-11.878 1.229-7.731 3.482-10.701 0-8.294-4.045-11.878-1.229-8.294 1.792-10.496-2.202-7.27-5.683-11.366-3.686c-4.096 1.997-8.499 0-9.779-4.352s-5.939-7.066-10.394-5.99-8.346-1.741-8.653-6.298-4.301-8.141-8.858-8.038c-4.557 0.154-7.782-3.43-7.168-7.936s-2.56-8.858-7.014-9.677-6.912-4.966-5.325-9.267-0.666-9.216-4.864-10.957-5.683-6.298-3.328-10.189c2.406-3.891 1.28-9.165-2.509-11.725s-4.25-7.373-1.126-10.65c3.174-3.277 3.174-8.653 0-11.981s-2.662-8.090 1.126-10.65 4.864-7.834 2.509-11.725c-2.406-3.891-0.922-8.448 3.328-10.189s6.4-6.656 4.864-10.957 0.87-8.448 5.325-9.267 7.629-5.171 7.014-9.677 2.611-8.090 7.168-7.936c4.557 0.154 8.55-3.482 8.909-7.987s4.25-7.373 8.653-6.298 9.114-1.587 10.394-5.99 5.683-6.349 9.779-4.352c4.096 1.997 9.216 0.307 11.366-3.686s6.861-5.018 10.496-2.202 8.96 2.253 11.878-1.229 7.731-3.482 10.701 0 8.294 4.045 11.878 1.229 8.294-1.792 10.496 2.202 7.27 5.683 11.366 3.686c4.096-1.997 8.499 0 9.779 4.352s5.939 7.066 10.394 5.99 8.346 1.741 8.653 6.298 4.352 8.141 8.909 7.987c4.557-0.154 7.782 3.43 7.168 7.936s2.56 8.858 7.014 9.677 6.912 4.966 5.325 9.267 0.666 9.216 4.864 10.957 5.683 6.298 3.328 10.189c-2.406 3.891-1.28 9.165 2.509 11.725s4.25 7.373 1.126 10.65-3.226 8.755-0.051 12.032z"
        ],
        "attrs": [],
        "isMulticolor": false,
        "isMulticolor2": false,
        "tags": [
          "medal"
        ],
        "grid": 20
      },
      "attrs": [],
      "properties": {
        "id": 223,
        "order": 144,
        "prevSize": 20,
        "code": 59183,
        "name": "medal"
      },
      "setIdx": 1,
      "setId": 2,
      "iconIdx": 222
    },
    {
      "icon": {
        "paths": [
          "M881.818 359.936c-81.101-188.723-211.558-332.288-277.555-305.51-112.077 45.619 66.765 264.397-483.686 488.090-47.565 19.405-59.597 96.666-39.68 142.95 19.866 46.182 84.89 92.211 132.454 72.909 8.243-3.379 38.451-13.107 38.451-13.107 33.946 45.619 69.478 18.586 82.125 47.514 15.155 34.816 48.077 110.49 59.29 136.192s36.608 49.51 55.040 42.496c18.381-7.014 80.998-30.822 104.96-39.885 23.962-9.114 29.645-30.515 22.323-47.309-7.885-18.176-40.243-23.501-49.51-44.698-9.216-21.094-39.373-88.986-48.026-110.387-11.776-29.082 13.261-52.787 49.664-56.525 250.573-26.214 297.421 128.614 382.72 93.901 65.894-26.88 52.48-218.061-28.57-406.63zM853.606 665.907c-14.694 5.888-113.306-71.782-176.282-218.47-63.027-146.586-55.091-280.576-40.448-286.566 14.643-5.888 110.848 87.91 173.824 234.496 63.027 146.586 57.549 264.55 42.906 270.541z"
        ],
        "attrs": [],
        "isMulticolor": false,
        "isMulticolor2": false,
        "tags": [
          "megaphone"
        ],
        "grid": 20
      },
      "attrs": [],
      "properties": {
        "id": 224,
        "order": 143,
        "prevSize": 20,
        "code": 59184,
        "name": "megaphone"
      },
      "setIdx": 1,
      "setId": 2,
      "iconIdx": 223
    },
    {
      "icon": {
        "paths": [
          "M921.6 307.2v358.4c0 56.32-46.080 102.4-102.4 102.4h-204.8v153.6l-204.8-153.6h-204.8c-56.371 0-102.4-46.080-102.4-102.4v-358.4c0-56.32 46.029-102.4 102.4-102.4h614.4c56.32 0 102.4 46.080 102.4 102.4z"
        ],
        "attrs": [],
        "isMulticolor": false,
        "isMulticolor2": false,
        "tags": [
          "message"
        ],
        "grid": 20
      },
      "attrs": [],
      "properties": {
        "id": 226,
        "order": 151,
        "prevSize": 20,
        "code": 59185,
        "name": "message"
      },
      "setIdx": 1,
      "setId": 2,
      "iconIdx": 225
    },
    {
      "icon": {
        "paths": [
          "M839.629 391.322v141.158c0 114.483-84.122 237.005-276.429 253.901v135.219h133.12c11.264 0 20.48 9.216 20.48 20.48v61.44c0 11.315-9.267 20.48-20.48 20.48h-368.64c-11.264 0-20.48-9.216-20.48-20.48v-61.44c0-11.264 9.216-20.48 20.429-20.48h133.171v-135.219c-192.41-16.896-276.48-139.418-276.48-253.901v-141.158c0-11.315 9.216-20.48 20.48-20.48h30.72c11.264 0 20.48 9.216 20.48 20.48v141.158c0 68.403 53.914 184.32 256 184.32 202.035 0 256-115.917 256-184.32v-141.158c0-11.315 9.216-20.48 20.429-20.48h30.771c11.264-0.051 20.429 9.165 20.429 20.48zM512 614.4c120.115 0 153.6-49.408 153.6-81.92v-161.69h-307.2v161.69c0 32.512 33.382 81.92 153.6 81.92zM665.6 81.92c0-32.614-33.485-81.92-153.6-81.92-120.218 0-153.6 49.306-153.6 81.92v217.19h307.2v-217.19z"
        ],
        "attrs": [],
        "isMulticolor": false,
        "isMulticolor2": false,
        "tags": [
          "mic"
        ],
        "grid": 20
      },
      "attrs": [],
      "properties": {
        "id": 227,
        "order": 152,
        "prevSize": 20,
        "code": 59186,
        "name": "mic"
      },
      "setIdx": 1,
      "setId": 2,
      "iconIdx": 226
    },
    {
      "icon": {
        "paths": [
          "M563.2 49.050v462.797c0 28.365-22.989 51.354-51.354 51.354h-462.797c25.498 233.216 222.976 414.72 462.95 414.72 257.331 0 465.92-208.589 465.92-465.92 0-240.026-181.504-437.453-414.72-462.95zM460.8 49.050c-216.371 23.654-388.096 195.379-411.75 411.75h411.75v-411.75z"
        ],
        "attrs": [],
        "isMulticolor": false,
        "isMulticolor2": false,
        "tags": [
          "pie-chart"
        ],
        "grid": 20
      },
      "attrs": [],
      "properties": {
        "id": 246,
        "order": 155,
        "prevSize": 20,
        "code": 59666,
        "name": "pie-chart"
      },
      "setIdx": 1,
      "setId": 2,
      "iconIdx": 245
    },
    {
      "icon": {
        "paths": [
          "M244.429 782.694l-107.776 166.4 11.469 54.426 54.272-11.622 107.725-166.298c-11.469-6.144-22.835-12.698-33.843-19.968-11.162-7.219-21.811-14.95-31.846-22.938zM700.723 724.582c0.717-1.485 1.178-3.123 1.843-4.71 2.714-5.99 5.12-11.981 7.066-18.278 0.307-1.126 0.461-2.253 0.819-3.277 1.997-6.963 3.686-13.824 5.018-20.89 0-0.358 0-0.614 0-1.075 9.984-59.853-7.424-126.618-47.258-186.931l56.832-87.757c65.485 8.346 122.112-8.141 149.35-50.278 47.258-72.858-10.24-194.15-128.256-271.002-118.118-76.902-252.058-80.128-299.213-7.373-27.341 42.189-19.354 100.71 15.002 157.338l-56.934 87.757c-71.117-11.93-139.059-0.819-189.594 32.768-0.307 0.102-0.666 0.205-0.87 0.41-5.888 3.994-11.622 8.397-16.998 13.005-0.87 0.717-1.894 1.382-2.611 2.099-5.018 4.301-9.523 9.114-13.875 13.926-1.024 1.229-2.458 2.304-3.43 3.584-5.427 6.195-10.445 12.749-14.848 19.712-70.861 109.21-10.394 274.483 134.81 369.101 145.306 94.618 320.512 82.637 391.219-26.573 4.454-6.912 8.55-14.131 11.93-21.555zM658.995 214.733c-45.414-29.542-67.584-76.134-49.408-104.243 18.125-28.006 69.683-26.726 114.995 2.816 45.517 29.542 67.482 76.237 49.408 104.243s-69.53 26.726-114.995-2.816z"
        ],
        "attrs": [],
        "isMulticolor": false,
        "isMulticolor2": false,
        "tags": [
          "pin"
        ],
        "grid": 20
      },
      "attrs": [],
      "properties": {
        "id": 247,
        "order": 154,
        "prevSize": 20,
        "code": 59187,
        "name": "pin"
      },
      "setIdx": 1,
      "setId": 2,
      "iconIdx": 246
    },
    {
      "icon": {
        "paths": [
          "M819.2 512c0 28.314-2.458 51.2-30.771 51.2h-225.229v225.229c0 28.262-22.886 30.771-51.2 30.771s-51.2-2.509-51.2-30.771v-225.229h-225.229c-28.262 0-30.771-22.886-30.771-51.2s2.509-51.2 30.771-51.2h225.229v-225.229c0-28.314 22.886-30.771 51.2-30.771s51.2 2.458 51.2 30.771v225.229h225.229c28.314 0 30.771 22.886 30.771 51.2z"
        ],
        "attrs": [],
        "isMulticolor": false,
        "isMulticolor2": false,
        "tags": [
          "plus"
        ],
        "grid": 20
      },
      "attrs": [],
      "properties": {
        "id": 248,
        "order": 156,
        "prevSize": 20,
        "code": 59667,
        "name": "plus"
      },
      "setIdx": 1,
      "setId": 2,
      "iconIdx": 247
    },
    {
      "icon": {
        "paths": [
          "M992.666 20.736c-5.683-16.077-23.245-24.576-39.373-18.995s-24.627 23.296-19.046 39.424c47.565 136.704-46.848 238.797-118.835 293.478l-29.082-41.677c-9.779-13.978-31.642-25.6-48.64-25.805l-163.226 0.717c-16.998-0.307-42.24 7.475-56.166 17.306l-480.973 337.254c-23.296 16.384-28.928 48.486-12.646 71.885l218.573 312.73c16.384 23.296 42.547 20.48 65.894 4.198l480.973-337.306c13.824-9.779 29.798-30.874 35.43-47.002l51.098-161.024c5.632-16.077 2.202-40.602-7.578-54.579l-17.715-25.395c96.666-74.086 197.018-205.005 141.312-365.21zM768.87 499.866c-37.222 26.112-88.627 16.998-114.688-20.275-26.163-37.376-17.050-88.781 20.224-114.995 29.594-20.736 67.994-19.251 95.642 0.87-13.926 8.397-23.501 13.312-25.293 14.080-15.411 7.322-22.016 25.805-14.746 41.216 5.325 11.213 16.435 17.818 28.006 17.818 4.403 0 8.909-1.024 13.158-3.021 9.933-4.71 20.582-10.291 31.693-16.896 4.966 30.413-7.117 62.31-33.997 81.203z"
        ],
        "attrs": [],
        "isMulticolor": false,
        "isMulticolor2": false,
        "tags": [
          "price-tag"
        ],
        "grid": 20
      },
      "attrs": [],
      "properties": {
        "id": 252,
        "order": 153,
        "prevSize": 20,
        "code": 59668,
        "name": "price-tag"
      },
      "setIdx": 1,
      "setId": 2,
      "iconIdx": 251
    },
    {
      "icon": {
        "paths": [
          "M768 688.23c-32.41 0-61.645 12.595-83.814 32.87l-304.026-177.306c2.355-9.626 3.84-19.661 3.84-29.901s-1.485-20.224-3.84-29.85l300.8-175.565c22.835 21.35 53.35 34.56 87.040 34.56 70.605 0 128-57.395 128-128s-57.395-128-128-128-128 57.395-128 128c0 10.24 1.485 20.275 3.84 29.85l-300.8 175.565c-22.835-21.299-53.35-34.56-87.040-34.56-70.605 0-128 57.395-128 128s57.395 128 128 128c33.69 0 64.205-13.21 87.040-34.56l304.026 177.306c-2.15 8.96-3.43 18.33-3.43 27.955 0 68.71 55.654 124.365 124.365 124.365s124.365-55.706 124.365-124.365-55.654-124.365-124.365-124.365z"
        ],
        "attrs": [],
        "isMulticolor": false,
        "isMulticolor2": false,
        "tags": [
          "share"
        ],
        "grid": 20
      },
      "attrs": [],
      "properties": {
        "id": 270,
        "order": 159,
        "prevSize": 20,
        "code": 59188,
        "name": "share"
      },
      "setIdx": 1,
      "setId": 2,
      "iconIdx": 269
    },
    {
      "icon": {
        "paths": [
          "M819.2 102.4h-614.4c-56.32 0-102.4 46.080-102.4 102.4v614.4c0 56.32 46.080 102.4 102.4 102.4h614.4c56.32 0 102.4-46.080 102.4-102.4v-614.4c0-56.32-46.080-102.4-102.4-102.4zM668.723 757.197l-156.723-156.672-156.723 156.672-88.525-88.474 156.723-156.723-156.672-156.723 88.525-88.525 156.672 156.723 156.621-156.723 88.525 88.525-156.621 156.723 156.672 156.723-88.474 88.474z"
        ],
        "attrs": [],
        "isMulticolor": false,
        "isMulticolor2": false,
        "tags": [
          "squared-cross"
        ],
        "grid": 20
      },
      "attrs": [],
      "properties": {
        "id": 282,
        "order": 165,
        "prevSize": 20,
        "code": 59189,
        "name": "squared-cross"
      },
      "setIdx": 1,
      "setId": 2,
      "iconIdx": 281
    },
    {
      "icon": {
        "paths": [
          "M819.2 102.4h-614.4c-56.32 0-102.4 46.080-102.4 102.4v614.4c0 56.32 46.080 102.4 102.4 102.4h614.4c56.32 0 102.4-46.080 102.4-102.4v-614.4c0-56.32-46.080-102.4-102.4-102.4zM768 563.2h-512v-102.4h512v102.4z"
        ],
        "attrs": [],
        "isMulticolor": false,
        "isMulticolor2": false,
        "tags": [
          "squared-minus"
        ],
        "grid": 20
      },
      "attrs": [],
      "properties": {
        "id": 283,
        "order": 164,
        "prevSize": 20,
        "code": 59190,
        "name": "squared-minus"
      },
      "setIdx": 1,
      "setId": 2,
      "iconIdx": 282
    },
    {
      "icon": {
        "paths": [
          "M819.2 102.4h-614.4c-56.32 0-102.4 46.080-102.4 102.4v614.4c0 56.32 46.080 102.4 102.4 102.4h614.4c56.32 0 102.4-46.080 102.4-102.4v-614.4c0-56.32-46.080-102.4-102.4-102.4zM768 563.2h-204.8v204.8h-102.4v-204.8h-204.8v-102.4h204.8v-204.8h102.4v204.8h204.8v102.4z"
        ],
        "attrs": [],
        "isMulticolor": false,
        "isMulticolor2": false,
        "tags": [
          "squared-plus"
        ],
        "grid": 20
      },
      "attrs": [],
      "properties": {
        "id": 284,
        "order": 163,
        "prevSize": 20,
        "code": 59191,
        "name": "squared-plus"
      },
      "setIdx": 1,
      "setId": 2,
      "iconIdx": 283
    },
    {
      "icon": {
        "paths": [
          "M962.56 410.726h-328.346l-122.214-344.166-122.317 344.166h-328.294l267.878 202.086-95.795 354.765 278.528-212.685 278.426 212.685-95.693-354.765 267.827-202.086zM512 654.49l-154.317 128 63.642-182.374-145.971-117.76 180.326 5.171 56.32-206.848 56.269 206.848 180.275-5.171-145.971 117.76 63.642 182.374-154.214-128z"
        ],
        "attrs": [],
        "isMulticolor": false,
        "isMulticolor2": false,
        "tags": [
          "star-outlined"
        ],
        "grid": 20
      },
      "attrs": [],
      "properties": {
        "id": 285,
        "order": 162,
        "prevSize": 20,
        "code": 59192,
        "name": "star-outlined"
      },
      "setIdx": 1,
      "setId": 2,
      "iconIdx": 284
    },
    {
      "icon": {
        "paths": [
          "M512 66.56l122.266 344.166h328.294l-267.878 202.138 95.795 354.714-278.477-212.685-278.426 212.685 95.744-354.714-267.93-202.138h328.294l122.317-344.166z"
        ],
        "attrs": [],
        "isMulticolor": false,
        "isMulticolor2": false,
        "tags": [
          "star"
        ],
        "grid": 20
      },
      "attrs": [],
      "properties": {
        "id": 286,
        "order": 161,
        "prevSize": 20,
        "code": 59193,
        "name": "star"
      },
      "setIdx": 1,
      "setId": 2,
      "iconIdx": 285
    },
    {
      "icon": {
        "paths": [
          "M572.416 735.027c0-74.291 56.32-115.405 148.173-176.23 112.333-74.547 252.211-167.168 252.211-387.072 0-19.814-16.23-35.789-36.301-35.789h-175.616c-24.781-45.875-98.765-94.976-248.883-94.976-150.221 0-224.102 49.101-248.934 94.976h-175.667c-20.019 0-36.198 16.026-36.198 35.789 0 219.904 139.776 312.525 252.211 387.021 91.853 60.826 148.173 101.939 148.173 176.23v67.123c-96.461 10.701-167.373 46.387-167.373 88.883 0 50.893 101.99 92.109 227.789 92.109s227.789-41.216 227.789-92.109c0-42.496-70.912-78.182-167.373-88.883v-67.072zM714.598 476.16c28.979-61.389 52.019-144.691 55.706-268.595h128.512c-12.288 138.291-95.334 208.077-184.218 268.595zM512 103.731c139.878-0.102 194.509 57.088 194.458 78.285 0 21.402-54.579 78.49-194.458 78.592-139.878-0.051-194.509-57.139-194.509-78.541-0.051-21.197 54.63-78.438 194.509-78.336zM125.184 207.565h128.461c3.738 123.904 26.675 207.206 55.757 268.595-88.883-60.518-171.981-130.304-184.218-268.595z"
        ],
        "attrs": [],
        "isMulticolor": false,
        "isMulticolor2": false,
        "tags": [
          "trophy"
        ],
        "grid": 20
      },
      "attrs": [],
      "properties": {
        "id": 306,
        "order": 169,
        "prevSize": 20,
        "code": 59669,
        "name": "trophy"
      },
      "setIdx": 1,
      "setId": 2,
      "iconIdx": 305
    },
    {
      "icon": {
        "paths": [
          "M395.52 109.875c-52.019 38.707-65.997 99.994-63.437 132.608 3.277 39.885 11.366 91.802 11.366 91.802s-16.026 8.704-16.026 43.725c5.581 87.91 34.97 49.971 41.011 88.525 14.541 92.877 47.77 76.339 47.77 127.027 0 84.429-34.816 123.904-143.514 170.701-109.056 47.002-221.491 106.138-221.491 208.538v51.2h921.6v-51.2c0-102.4-112.486-161.536-221.594-208.486-108.698-46.797-143.411-86.221-143.411-170.701 0-50.688 33.126-34.15 47.718-127.027 6.093-38.554 35.43-0.614 41.114-88.525 0-35.021-16.077-43.725-16.077-43.725s8.090-51.917 11.315-91.802c3.328-41.83-20.378-131.123-117.76-158.515-17.050-17.408-28.57-45.107 23.859-72.909-114.688-5.376-141.363 54.63-202.445 98.765z"
        ],
        "attrs": [],
        "isMulticolor": false,
        "isMulticolor2": false,
        "tags": [
          "user"
        ],
        "grid": 20
      },
      "attrs": [],
      "properties": {
        "id": 311,
        "order": 168,
        "prevSize": 20,
        "code": 59197,
        "name": "user"
      },
      "setIdx": 1,
      "setId": 2,
      "iconIdx": 310
    },
    {
      "icon": {
        "paths": [
          "M818.637 979.405c0-114.995-111.974-173.517-221.030-220.518-108.698-46.797-143.411-86.221-143.411-170.701 0-50.637 33.178-34.15 47.718-127.027 6.144-38.502 35.43-0.614 41.062-88.525 0-35.021-16.026-43.725-16.026-43.725s8.141-51.866 11.315-91.802c3.277-41.83-20.378-131.072-117.811-158.464-16.998-17.459-28.518-45.158 23.91-72.909-114.688-5.325-141.363 54.682-202.445 98.816-51.968 38.707-65.997 99.994-63.488 132.608 3.328 39.936 11.418 91.802 11.418 91.802s-16.077 8.704-16.077 43.725c5.632 87.962 35.021 50.022 41.114 88.525 14.541 92.877 47.77 76.39 47.77 127.027 0 84.48-10.854 113.152-119.603 159.949-109.107 46.95-143.053 122.214-142.49 231.219 0.154 32.614-0.563 44.595-0.563 44.595h819.2c0 0-0.563-11.981-0.563-44.595zM948.634 684.288c-58.112-23.398-82.176-51.302-82.176-105.779 0-32.819 21.402-22.118 30.822-82.074 3.942-24.781 22.886-0.41 26.522-57.088 0-22.579-10.342-28.211-10.342-28.211s5.274-33.587 7.322-59.341c2.56-32.102-18.637-115.046-116.122-115.046-97.434 0-118.682 82.944-116.173 115.046 2.15 25.702 7.373 59.341 7.373 59.341s-10.342 5.581-10.342 28.211c3.635 56.678 22.579 32.307 26.522 57.088 9.421 60.006 30.822 49.306 30.822 82.074 0 54.477-22.426 79.974-92.621 110.182-3.533 1.485-6.144 3.482-9.37 5.222 83.968 36.454 216.371 99.379 247.706 227.686h135.424c0 0 0-97.587 0-118.682 0-51.2-13.978-93.901-75.366-118.63z"
        ],
        "attrs": [],
        "isMulticolor": false,
        "isMulticolor2": false,
        "tags": [
          "users"
        ],
        "grid": 20
      },
      "attrs": [],
      "properties": {
        "id": 312,
        "order": 167,
        "prevSize": 20,
        "code": 59198,
        "name": "users"
      },
      "setIdx": 1,
      "setId": 2,
      "iconIdx": 311
    },
    {
      "icon": {
        "paths": [
          "M972.8 153.6h-921.6c-28.314 0-51.2 22.886-51.2 51.2v614.4c0 28.262 22.886 51.2 51.2 51.2h921.6c28.314 0 51.2-22.938 51.2-51.2v-614.4c0-28.262-22.886-51.2-51.2-51.2zM665.6 358.4h204.8v51.2h-204.8v-51.2zM563.2 757.914c-6.605-5.222-15.002-10.291-27.085-15.514-60.416-26.010-151.603-64.512-151.603-111.411 0-28.211 18.381-18.995 26.522-70.605 3.379-21.402 19.712-0.358 22.784-49.203 0-19.456-8.909-24.32-8.909-24.32s4.506-28.774 6.298-50.995c1.843-23.194-11.315-92.16-65.382-107.366-9.523-9.626-15.923-5.683 13.21-21.094-63.693-3.021-78.541 30.31-112.435 54.835-28.877 21.504-36.71 55.552-35.277 73.677 1.894 22.17 6.4 50.995 6.4 50.995s-8.96 4.813-8.96 24.269c3.123 48.845 19.456 27.802 22.784 49.203 8.090 51.61 26.573 42.394 26.573 70.605 0 46.899-91.187 85.402-151.603 111.411-10.394 4.506-17.869 8.858-24.115 13.312v-499.712h460.8v501.914zM921.6 563.2h-256v-51.2h256v51.2z"
        ],
        "attrs": [],
        "isMulticolor": false,
        "isMulticolor2": false,
        "tags": [
          "v-card"
        ],
        "grid": 20
      },
      "attrs": [],
      "properties": {
        "id": 313,
        "order": 166,
        "prevSize": 20,
        "code": 59199,
        "name": "v-card"
      },
      "setIdx": 1,
      "setId": 2,
      "iconIdx": 312
    },
    {
      "icon": {
        "paths": [
          "M418.56 665.6l-170.189 307.2h605.389l170.24-307.2h-605.44zM300.288 117.709l-300.288 543.488 172.646 311.501 300.339-543.488-172.698-311.501zM995.584 614.4l-312.115-563.2h-345.344l311.706 563.2h345.754z"
        ],
        "attrs": [],
        "isMulticolor": false,
        "isMulticolor2": false,
        "tags": [
          "google-drive"
        ],
        "grid": 20
      },
      "attrs": [],
      "properties": {
        "id": 328,
        "order": 170,
        "prevSize": 20,
        "code": 59670,
        "name": "google-drive"
      },
      "setIdx": 1,
      "setId": 2,
      "iconIdx": 327
    },
    {
      "icon": {
        "paths": [
          "M665.6 362.496c70.707 0 128-57.293 128-128s-57.293-128-128-128-128 57.293-128 128 57.344 128 128 128zM964.864 304.282c-183.296 130.816-267.725 107.93-350.464 105.318-57.242-2.918-76.8 15.258-76.8 55.296l0.051 307.2c0 256 431.155 175.616 264.448-253.389 85.555-49.101 157.491-124.621 198.451-174.694 21.043-31.13-1.434-63.744-35.686-39.731zM358.4 106.496c-70.707 0-128 57.293-128 128s57.293 128 128 128 128-57.293 128-128-57.344-128-128-128zM409.6 409.6c-82.739 2.611-167.168 25.498-350.464-105.318-34.253-24.013-56.73 8.602-35.686 39.68 40.96 50.125 112.896 125.594 198.451 174.694-166.707 429.005 264.448 509.389 264.448 253.389l0.051-307.2c0-39.987-19.558-58.163-76.8-55.245z"
        ],
        "attrs": [],
        "isMulticolor": false,
        "isMulticolor2": false,
        "tags": [
          "slideshare"
        ],
        "grid": 20
      },
      "attrs": [],
      "properties": {
        "id": 343,
        "order": 171,
        "prevSize": 20,
        "code": 59671,
        "name": "slideshare"
      },
      "setIdx": 1,
      "setId": 2,
      "iconIdx": 342
    },
    {
      "icon": {
        "paths": [
          "M512 20.48c-271.462 0-491.52 220.058-491.52 491.52s220.058 491.52 491.52 491.52 491.52-220.058 491.52-491.52-220.058-491.52-491.52-491.52zM628.429 360.141h-73.882c-8.755 0-18.483 11.52-18.483 26.829v53.35h92.416l-13.978 76.083h-78.438v228.403h-87.194v-228.403h-79.104v-76.083h79.104v-44.749c0-64.205 44.544-116.378 105.677-116.378h73.882v80.947z"
        ],
        "attrs": [],
        "isMulticolor": false,
        "isMulticolor2": false,
        "tags": [
          "facebook-with-circle"
        ],
        "grid": 20
      },
      "attrs": [],
      "properties": {
        "id": 359,
        "order": 177,
        "prevSize": 20,
        "code": 59200,
        "name": "facebook-with-circle"
      },
      "setIdx": 1,
      "setId": 2,
      "iconIdx": 358
    },
    {
      "icon": {
        "paths": [
          "M870.4 51.2h-716.8c-56.32 0-102.4 46.080-102.4 102.4v716.8c0 56.371 46.080 102.4 102.4 102.4h358.4v-358.4h-102.4v-126.72h102.4v-104.96c0-110.797 62.054-188.621 192.819-188.621l92.314 0.102v133.376h-61.286c-50.893 0-70.246 38.195-70.246 73.626v86.528h131.482l-29.082 126.669h-102.4v358.4h204.8c56.32 0 102.4-46.029 102.4-102.4v-716.8c0-56.32-46.080-102.4-102.4-102.4z"
        ],
        "attrs": [],
        "isMulticolor": false,
        "isMulticolor2": false,
        "tags": [
          "facebook"
        ],
        "grid": 20
      },
      "attrs": [],
      "properties": {
        "id": 360,
        "order": 173,
        "prevSize": 20,
        "code": 59201,
        "name": "facebook"
      },
      "setIdx": 1,
      "setId": 2,
      "iconIdx": 359
    },
    {
      "icon": {
        "paths": [
          "M512.768 509.389c0 0-0.512 0-0.768 0h-0.768c-60.979 0-114.688-15.514-146.483 13.722-18.995 17.51-26.982 38.605-26.982 61.286 0 94.822 75.93 106.496 173.517 106.496h1.485c97.536 0 173.517-11.725 173.517-106.496 0-22.682-7.987-43.827-26.982-61.286-31.846-29.235-85.555-13.722-146.534-13.722zM429.722 638.976c-18.586 0-33.587-20.89-33.587-46.592s15.002-46.49 33.587-46.49c18.586 0 33.638 20.787 33.638 46.49 0.051 25.702-15.002 46.592-33.638 46.592zM594.227 638.976c-18.586 0-33.638-20.89-33.638-46.592s15.053-46.49 33.638-46.49c18.534 0 33.587 20.787 33.587 46.49 0.051 25.702-15.002 46.592-33.587 46.592zM512 20.48c-271.462 0-491.52 220.058-491.52 491.52s220.058 491.52 491.52 491.52 491.52-220.058 491.52-491.52-220.058-491.52-491.52-491.52zM556.851 713.677c-8.806 0-26.317 0-44.851 0.102-18.534-0.102-36.045-0.102-44.851-0.102-38.912 0-193.126-3.021-193.126-188.877 0-42.701 14.643-73.984 38.656-100.096-3.789-9.421-3.994-63.078 16.384-114.483 0 0 46.899 5.12 117.811 53.811 14.797-4.147 39.987-6.246 65.126-6.246s50.278 2.099 65.178 6.195c70.912-48.691 117.811-53.811 117.811-53.811 20.378 51.405 20.224 105.114 16.384 114.483 24.013 26.112 38.656 57.395 38.656 100.096-0.051 185.958-154.266 188.928-193.178 188.928z"
        ],
        "attrs": [],
        "isMulticolor": false,
        "isMulticolor2": false,
        "tags": [
          "github-with-circle"
        ],
        "grid": 20
      },
      "attrs": [],
      "properties": {
        "id": 363,
        "order": 176,
        "prevSize": 20,
        "code": 59202,
        "name": "github-with-circle"
      },
      "setIdx": 1,
      "setId": 2,
      "iconIdx": 362
    },
    {
      "icon": {
        "paths": [
          "M674.816 579.021c-36.762 0-66.56 41.318-66.56 92.109 0 50.893 29.798 92.211 66.56 92.211s66.56-41.318 66.56-92.211c-0.051-50.79-29.798-92.109-66.56-92.109zM906.547 339.251c7.629-18.688 7.936-124.877-32.512-226.611 0 0-92.723 10.189-233.011 106.496-29.44-8.192-79.258-12.186-128.973-12.186-49.818 0-99.584 3.994-129.024 12.186-140.339-96.307-233.062-106.496-233.062-106.496-40.397 101.734-39.987 207.923-32.461 226.611-47.514 51.61-76.544 113.613-76.544 198.195 0 367.923 305.306 373.811 382.31 373.811 17.51 0 52.122 0.102 88.781 0.102 36.608 0 71.27-0.102 88.678-0.102 77.107 0 382.31-5.888 382.31-373.811 0-84.582-28.979-146.586-76.493-198.195zM513.434 866.048h-2.867c-193.075 0-343.501-22.989-343.501-210.688 0-45.005 15.872-86.682 53.606-121.293 62.822-57.702 169.216-27.187 289.894-27.187 0.512 0 1.024 0 1.485 0 0.512 0 0.922 0 1.382 0 120.678 0 227.123-30.515 289.997 27.187 37.632 34.611 53.504 76.288 53.504 121.293 0 187.699-150.374 210.688-343.501 210.688zM349.235 579.021c-36.762 0-66.56 41.318-66.56 92.109 0 50.893 29.798 92.211 66.56 92.211 36.813 0 66.611-41.318 66.611-92.211 0-50.79-29.798-92.109-66.611-92.109z"
        ],
        "attrs": [],
        "isMulticolor": false,
        "isMulticolor2": false,
        "tags": [
          "github"
        ],
        "grid": 20
      },
      "attrs": [],
      "properties": {
        "id": 364,
        "order": 172,
        "prevSize": 20,
        "code": 59203,
        "name": "github"
      },
      "setIdx": 1,
      "setId": 2,
      "iconIdx": 363
    },
    {
      "icon": {
        "paths": [
          "M665.6 512c0 84.838-68.762 153.6-153.6 153.6s-153.6-68.762-153.6-153.6c0-8.755 0.922-17.306 2.509-25.6h-53.709v204.646c0 14.234 11.52 25.754 25.754 25.754h358.144c14.182 0 25.702-11.52 25.702-25.754v-204.646h-53.709c1.587 8.294 2.509 16.845 2.509 25.6zM512 614.4c56.525 0 102.4-45.875 102.4-102.4s-45.875-102.4-102.4-102.4-102.4 45.875-102.4 102.4 45.875 102.4 102.4 102.4zM634.88 404.48h61.389c8.499 0 15.411-6.912 15.411-15.36v-61.389c0-8.499-6.912-15.411-15.411-15.411h-61.389c-8.499 0-15.411 6.912-15.411 15.411v61.389c0.051 8.448 6.963 15.36 15.411 15.36zM512 20.48c-271.462 0-491.52 220.058-491.52 491.52s220.058 491.52 491.52 491.52c271.462 0 491.52-220.058 491.52-491.52s-220.058-491.52-491.52-491.52zM768 711.117c0 31.283-25.6 56.883-56.883 56.883h-398.234c-31.283 0-56.883-25.6-56.883-56.883v-398.234c0-31.283 25.6-56.883 56.883-56.883h398.234c31.283 0 56.883 25.6 56.883 56.883v398.234z"
        ],
        "attrs": [],
        "isMulticolor": false,
        "isMulticolor2": false,
        "tags": [
          "instagram-with-circle"
        ],
        "grid": 20
      },
      "attrs": [],
      "properties": {
        "id": 367,
        "order": 175,
        "prevSize": 20,
        "code": 59206,
        "name": "instagram-with-circle"
      },
      "setIdx": 1,
      "setId": 2,
      "iconIdx": 366
    },
    {
      "icon": {
        "paths": [
          "M870.4 51.2h-716.8c-56.32 0-102.4 46.080-102.4 102.4v716.8c0 56.371 46.080 102.4 102.4 102.4h716.8c56.32 0 102.4-46.029 102.4-102.4v-716.8c0-56.32-46.080-102.4-102.4-102.4zM511.181 794.778c156.621 0 283.546-127.027 283.546-283.597 0-17.306-2.202-33.997-5.274-50.381h80.947v369.459c0 19.558-15.872 35.328-35.482 35.328h-645.837c-19.61-0-35.482-15.77-35.482-35.328v-369.459h79.309c-3.123 16.384-5.325 33.075-5.325 50.381 0 156.621 127.027 283.597 283.597 283.597zM333.978 511.181c0-97.894 79.36-177.203 177.254-177.203 97.843 0 177.254 79.309 177.254 177.203s-79.411 177.254-177.254 177.254c-97.946 0-177.254-79.36-177.254-177.254zM834.918 307.2h-82.688c-19.558 0-35.43-15.974-35.43-35.43v-82.79c0-19.558 15.872-35.379 35.379-35.379h82.688c19.661 0 35.533 15.821 35.533 35.379v82.739c0 19.507-15.872 35.482-35.482 35.482z"
        ],
        "attrs": [],
        "isMulticolor": false,
        "isMulticolor2": false,
        "tags": [
          "instagram"
        ],
        "grid": 20
      },
      "attrs": [],
      "properties": {
        "id": 368,
        "order": 174,
        "prevSize": 20,
        "code": 59207,
        "name": "instagram"
      },
      "setIdx": 1,
      "setId": 2,
      "iconIdx": 367
    },
    {
      "icon": {
        "paths": [
          "M512 20.48c-271.462 0-491.52 220.058-491.52 491.52s220.058 491.52 491.52 491.52 491.52-220.058 491.52-491.52-220.058-491.52-491.52-491.52zM391.68 715.725h-99.533v-320.307h99.533v320.307zM341.299 356.096c-31.437 0-51.763-22.272-51.763-49.818 0-28.109 20.941-49.715 53.043-49.715s51.763 21.606 52.378 49.715c0 27.546-20.275 49.818-53.658 49.818zM755.2 715.725h-99.533v-177.51c0-41.318-14.438-69.376-50.432-69.376-27.494 0-43.827 18.995-51.046 37.274-2.662 6.502-3.328 15.718-3.328 24.883v184.678h-99.584v-218.112c0-39.987-1.28-73.421-2.611-102.195h86.477l4.557 44.493h1.997c13.107-20.89 45.21-51.712 98.918-51.712 65.485 0 114.586 43.878 114.586 138.189v189.389z"
        ],
        "attrs": [],
        "isMulticolor": false,
        "isMulticolor2": false,
        "tags": [
          "linkedin-with-circle"
        ],
        "grid": 20
      },
      "attrs": [],
      "properties": {
        "id": 371,
        "order": 181,
        "prevSize": 20,
        "code": 59672,
        "name": "linkedin-with-circle"
      },
      "setIdx": 1,
      "setId": 2,
      "iconIdx": 370
    },
    {
      "icon": {
        "paths": [
          "M256 153.6c0 54.374-36.352 101.171-102.451 101.171-62.208 0-102.349-44.134-102.349-98.509 0-55.808 38.912-105.062 102.4-105.062s101.171 46.592 102.4 102.4zM51.2 972.8v-665.6h204.8v665.6h-204.8z",
          "M358.4 534.733c0-79.104-2.611-145.203-5.222-202.291h184.013l9.114 88.218h3.891c25.907-41.523 89.395-102.4 195.686-102.4 129.638 0 226.918 86.784 226.918 273.51v381.030h-204.8v-351.283c0-81.613-31.078-143.872-102.4-143.872-54.374 0-81.613 44.032-95.898 80.333-5.222 13.005-6.502 31.13-6.502 49.306v365.517h-204.8v-438.067z"
        ],
        "attrs": [
          {},
          {}
        ],
        "isMulticolor": false,
        "isMulticolor2": false,
        "tags": [
          "linkedin"
        ],
        "grid": 20
      },
      "attrs": [
        {},
        {}
      ],
      "properties": {
        "id": 372,
        "order": 180,
        "prevSize": 20,
        "code": 59673,
        "name": "linkedin"
      },
      "setIdx": 1,
      "setId": 2,
      "iconIdx": 371
    },
    {
      "icon": {
        "paths": [
          "M512 20.48c-271.462 0-491.52 220.058-491.52 491.52s220.058 491.52 491.52 491.52 491.52-220.058 491.52-491.52-220.058-491.52-491.52-491.52zM545.638 628.48c-31.539-2.406-44.749-18.022-69.427-32.973-13.568 71.219-30.157 139.52-79.309 175.206-15.206-107.725 22.221-188.518 39.629-274.381-29.645-49.92 3.533-150.323 66.099-125.645 76.954 30.515-66.662 185.6 29.747 205.005 100.659 20.173 141.773-174.694 79.36-237.978-90.214-91.494-262.502-2.099-241.306 128.87 5.12 32 38.246 41.728 13.21 85.914-57.702-12.8-74.957-58.317-72.704-118.989 3.533-99.328 89.242-168.909 175.155-178.483 108.698-12.083 210.688 39.885 224.819 142.182 15.821 115.405-49.101 240.282-165.274 231.27z"
        ],
        "attrs": [],
        "isMulticolor": false,
        "isMulticolor2": false,
        "tags": [
          "pinterest-with-circle"
        ],
        "grid": 20
      },
      "attrs": [],
      "properties": {
        "id": 373,
        "order": 178,
        "prevSize": 20,
        "code": 59208,
        "name": "pinterest-with-circle"
      },
      "setIdx": 1,
      "setId": 2,
      "iconIdx": 372
    },
    {
      "icon": {
        "paths": [
          "M441.19 677.222c-26.931 141.005-59.75 276.173-157.082 346.778-30.003-213.094 44.083-373.094 78.541-542.976-58.726-98.816 7.066-297.574 130.816-248.576 152.32 60.211-131.891 367.206 58.88 405.606 199.219 39.987 280.525-345.6 156.979-470.989-178.432-181.146-519.475-4.25-477.491 255.078 10.189 63.386 75.674 82.586 26.163 170.086-114.227-25.293-148.326-115.405-143.923-235.52 7.066-196.608 176.589-334.182 346.675-353.28 215.091-24.115 416.973 79.002 444.877 281.293 31.386 228.403-97.075 475.802-327.117 457.984-62.362-4.864-88.474-35.789-137.318-65.485z"
        ],
        "attrs": [],
        "isMulticolor": false,
        "isMulticolor2": false,
        "tags": [
          "pinterest"
        ],
        "grid": 20
      },
      "attrs": [],
      "properties": {
        "id": 374,
        "order": 179,
        "prevSize": 20,
        "code": 59209,
        "name": "pinterest"
      },
      "setIdx": 1,
      "setId": 2,
      "iconIdx": 373
    },
    {
      "icon": {
        "paths": [
          "M512 20.48c-271.462 0-491.52 220.058-491.52 491.52s220.058 491.52 491.52 491.52 491.52-220.058 491.52-491.52-220.058-491.52-491.52-491.52zM711.936 423.117c0.205 4.198 0.256 8.397 0.256 12.493 0 128-97.331 275.507-275.405 275.507-54.682 0-105.574-15.974-148.378-43.52 7.526 0.922 15.258 1.28 23.091 1.28 45.363 0 87.091-15.411 120.218-41.421-42.342-0.819-78.080-28.774-90.419-67.174 5.888 1.075 11.93 1.69 18.176 1.69 8.806 0 17.408-1.178 25.498-3.379-44.288-8.909-77.67-48.026-77.67-94.925v-1.178c13.056 7.219 28.006 11.622 43.878 12.134-26.010-17.408-43.059-47.002-43.059-80.64 0-17.715 4.762-34.406 13.107-48.691 47.77 58.573 119.040 97.075 199.526 101.222-1.69-7.117-2.509-14.49-2.509-22.118 0-53.402 43.315-96.819 96.819-96.819 27.802 0 52.992 11.776 70.656 30.618 22.067-4.403 42.752-12.39 61.44-23.501-7.219 22.579-22.528 41.574-42.547 53.606 19.61-2.406 38.246-7.578 55.603-15.309-12.954 19.405-29.389 36.506-48.282 50.125z"
        ],
        "attrs": [],
        "isMulticolor": false,
        "isMulticolor2": false,
        "tags": [
          "twitter-with-circle"
        ],
        "grid": 20
      },
      "attrs": [],
      "properties": {
        "id": 380,
        "order": 183,
        "prevSize": 20,
        "code": 59210,
        "name": "twitter-with-circle"
      },
      "setIdx": 1,
      "setId": 2,
      "iconIdx": 379
    },
    {
      "icon": {
        "paths": [
          "M886.579 319.795c0.41 8.294 0.563 16.691 0.563 24.986 0 255.488-194.406 549.99-549.888 549.99-109.21 0-210.739-32-296.294-86.886 15.155 1.792 30.515 2.714 46.080 2.714 90.624 0 173.926-30.925 240.026-82.688-84.531-1.587-155.955-57.395-180.531-134.195 11.776 2.202 23.91 3.379 36.352 3.379 17.664 0 34.765-2.304 50.944-6.707-88.422-17.818-155.034-95.898-155.034-189.594 0-0.819 0-1.587 0-2.406 26.061 14.49 55.91 23.194 87.552 24.218-51.866-34.714-86.016-93.798-86.016-160.922 0-35.379 9.523-68.608 26.214-97.178 95.283 116.992 237.773 193.894 398.387 201.984-3.277-14.182-4.966-28.877-4.966-44.083 0-106.701 86.477-193.178 193.229-193.178 55.603 0 105.83 23.398 141.107 60.979 43.981-8.704 85.35-24.781 122.726-46.899-14.438 45.107-45.107 82.995-84.992 106.906 39.117-4.71 76.288-15.002 111.002-30.413-25.907 38.81-58.675 72.806-96.461 99.994z"
        ],
        "attrs": [],
        "isMulticolor": false,
        "isMulticolor2": false,
        "tags": [
          "twitter"
        ],
        "grid": 20
      },
      "attrs": [],
      "properties": {
        "id": 381,
        "order": 182,
        "prevSize": 20,
        "code": 59211,
        "name": "twitter"
      },
      "setIdx": 1,
      "setId": 2,
      "iconIdx": 380
    },
    {
      "icon": {
        "paths": [
          "M594.074 503.45l-114.995-53.658c-10.035-4.659-18.278 0.563-18.278 11.674v101.069c0 11.11 8.243 16.333 18.278 11.674l114.944-53.658c10.086-4.71 10.086-12.39 0.051-17.101zM512 20.48c-271.462 0-491.52 220.058-491.52 491.52s220.058 491.52 491.52 491.52 491.52-220.058 491.52-491.52-220.058-491.52-491.52-491.52zM512 711.68c-251.597 0-256-22.682-256-199.68s4.403-199.68 256-199.68 256 22.682 256 199.68-4.403 199.68-256 199.68z"
        ],
        "attrs": [],
        "isMulticolor": false,
        "isMulticolor2": false,
        "tags": [
          "youtube-with-circle"
        ],
        "grid": 20
      },
      "attrs": [],
      "properties": {
        "id": 384,
        "order": 185,
        "prevSize": 20,
        "code": 59212,
        "name": "youtube-with-circle"
      },
      "setIdx": 1,
      "setId": 2,
      "iconIdx": 383
    },
    {
      "icon": {
        "paths": [
          "M512 117.76c-503.194 0-512 44.749-512 394.24s8.806 394.24 512 394.24 512-44.749 512-394.24-8.806-394.24-512-394.24zM676.096 529.101l-229.888 107.315c-20.122 9.318-36.608-1.126-36.608-23.347v-202.138c0-22.17 16.486-32.666 36.608-23.347l229.888 107.315c20.122 9.421 20.122 24.781 0 34.202z"
        ],
        "attrs": [],
        "isMulticolor": false,
        "isMulticolor2": false,
        "tags": [
          "youtube"
        ],
        "grid": 20
      },
      "attrs": [],
      "properties": {
        "id": 385,
        "order": 184,
        "prevSize": 20,
        "code": 59213,
        "name": "youtube"
      },
      "setIdx": 1,
      "setId": 2,
      "iconIdx": 384
    }
  ],
  "height": 1024,
  "metadata": {
    "name": "U-NetUSB-icons"
  },
  "preferences": {
    "showGlyphs": true,
    "showQuickUse": true,
    "showQuickUse2": true,
    "showSVGs": true,
    "fontPref": {
      "prefix": "icon-",
      "metadata": {
        "fontFamily": "U-NetUSB-icons",
        "majorVersion": 1,
        "minorVersion": 0
      },
      "metrics": {
        "emSize": 1024,
        "baseline": 6.25,
        "whitespace": 50
      },
      "embed": false,
      "showSelector": false,
      "resetPoint": 59136,
      "selector": "",
      "classSelector": ".icon",
      "showMetrics": false,
      "showMetadata": false
    },
    "imagePref": {
      "prefix": "icon-",
      "png": true,
      "useClassSelector": true,
      "color": 0,
      "bgColor": 16777215,
      "classSelector": ".icon"
    },
    "historySize": 100,
    "showCodes": true,
    "gridSize": 16,
    "showLiga": false
  }
}